,Alexandre’s Bar,Amarelim do Prado,Andrade’s Beer,Arcos Bar,Armazém Santa Amélia,Avalanche Espeteria,Azougue Fogo e Bar,Baiuca,Bar Bambú,Bar Bendita Baderna,Bar da Cíntia,Bar da Fia,Bar da Lu,Bar da Silvânia,Bar do Bartolomeu,Bar do Bem,Bar do Kim,Bar do Nelson,Bar do Primo,Bar do Regis,Bar do Romeu,Bar dos Meninos,Bar Du Du,Bar e Restaurante Bom Sabor,Bar e Restaurante do Joãozinho,Bar Estabelecimento,Bar Junto Juntinho,Bar Mania Mineira,Bar Pompéu,Bar Stella,Bar Temático Sta. Teresa,Barrigudinha Buteco,Barzim dos amigos,Bazin Bar,Beco Restaurante,Benjamin Bar,Boteco 86,Botequim Buritis,Botequim de Lourdes,Buteco do Lili,Buteco do Rod,Buteco Tô D’Boa,Buteco’s Bar,Butiquim On Cê Tá?,Café Bahia,Café Palhares,Camisola Bar,Canela Amarela,Cantina Arte Quintal,Cantinho da Baiana,Casa da Madrinha,Cervejaria Pajé,Chapa Mágica,Choperia América Norte Sul,Chopp da Esquina,Companhia do Dino,Conectados Bar,COSMOS,Deck Boi na Brasa,Dona Dora,Dona Ju Gastro Bar,Dona Suica,Ember BBQ,Espetinho do Boi,Espetinhos do Paulão,Espettinho.com,Fogão de Minas,Garagge Vintage,Geraldin da Cida,Golden Grill,Iracema Bar,Ivo Grill,Já To Inno,Juzé Bar,Köbes Emporium Bar,Koqueiros Bar,Lá Ele Bar,Leo da Quadra,Locomotiva’s Bar,Magnífico Quintal,Magrelo’s Bar,Mamute Bar,Marina’s Bar,Mineiros Beer,Mulão,Nosso Spetim,O Fino do Alho,Oratório Bar,Parada 10.95 Bar,Parada do Sabor,Pé de Cana,Pé de Goiaba,Planeta Lúpulo,PoiZé Bar e Petisqueira,Prado Beer,Prosa Boa,Quinteiro Bar e Restaurante,Quioxque Botequim Carioca,Quitandas da Tia Nice Bar,Rancho do Manoel,Recanto Vovó Tela,Regis Bar,Rei do Peixe,Resenha da Naty,Restaurante Jorge Americano,S.O.S PUB,Santa Boemia,Santuário Retrô,Seu Braz,Silvio’s Bar,Sinhá Erozitha Bistrôteco,Sô Bar,Spetim,Tanganica Art Bar,The Butcher,Toca do Ogro,Toninho – Alto Forno,Tropeiro do Lisboa,Us Motoca,Xambar,Xico da Kafua,Xico do Churrasco,Zé Bolacha,Zoo Bar
Alexandre’s Bar,0.0,41.72,35.35,33.83,25.94,14.57,40.37,37.29,48.28,30.38,17.85,16.39,18.24,54.29,81.55,44.75,55.3,31.86,52.35,52.55,11.37,48.83,38.91,56.17,66.52,42.9,40.52,37.08,12.3,9.1,30.11,44.47,51.12,12.34,31.51,36.76,37.24,73.18,35.33,12.52,37.04,16.76,14.5,13.22,30.54,30.54,33.41,49.74,38.17,30.14,35.55,59.29,15.15,60.25,50.71,15.16,40.52,26.24,25.88,30.54,53.22,13.45,42.9,66.52,30.16,72.33,3.33,9.3,48.43,77.68,30.11,29.75,36.76,14.5,31.99,34.01,4.5,70.83,31.86,25.94,48.26,35.85,35.35,29.12,37.45,14.25,14.25,37.99,44.47,9.3,40.37,52.35,25.94,40.37,40.52,9.3,33.27,65.14,34.01,12.3,20.32,35.35,13.45,38.17,31.58,59.29,33.59,35.35,11.64,38.91,34.01,29.12,30.38,44.0,44.0,31.86,31.58,17.85,54.29,31.58,44.75,29.12,12.93,28.82
Amarelim do Prado,41.72,0.0,7.75,12.92,52.82,50.16,13.76,13.93,31.81,25.98,53.44,51.97,53.82,36.33,51.22,32.72,29.39,33.33,21.81,22.09,46.95,32.36,18.81,18.17,40.61,16.8,4.13,5.79,48.13,44.69,10.27,35.54,20.7,33.76,11.73,24.94,30.45,24.76,9.55,33.94,28.08,52.34,50.08,48.8,12.7,12.7,22.8,5.02,29.21,34.63,5.01,41.33,50.74,42.29,19.87,45.05,4.13,31.76,43.74,12.7,70.29,49.03,16.8,40.61,11.42,23.91,36.33,39.14,7.18,47.36,10.27,11.92,24.94,50.08,20.39,22.86,34.38,41.67,33.33,52.82,39.3,14.33,7.75,39.93,28.49,49.83,49.83,13.85,35.54,39.14,13.76,21.81,52.82,13.76,4.13,39.14,21.56,39.23,22.86,48.13,61.05,7.75,49.03,29.21,8.52,41.33,22.0,7.75,47.22,18.81,22.86,39.93,25.98,20.53,20.53,33.33,8.52,53.44,36.33,8.52,32.72,39.93,43.75,45.52
Andrade’s Beer,35.35,7.75,0.0,5.94,49.85,43.8,8.74,8.22,37.06,19.63,47.08,45.62,47.47,41.58,58.2,37.97,36.36,26.97,28.79,29.07,40.6,37.61,11.06,25.14,47.58,11.78,10.28,6.16,41.78,38.33,3.65,40.79,27.68,27.4,3.98,30.82,31.3,44.33,3.33,27.59,28.93,45.99,43.73,42.45,4.95,4.95,16.45,12.08,30.07,28.27,5.82,46.58,44.38,47.54,26.84,38.7,10.28,25.41,40.77,4.95,63.93,42.68,11.78,47.58,3.26,43.48,29.98,35.25,18.57,54.33,3.65,4.17,30.82,43.73,14.03,16.5,28.02,48.65,26.97,49.85,40.15,7.33,0.0,44.01,29.35,43.48,43.48,6.87,40.79,35.25,8.74,28.79,49.85,8.74,10.28,35.25,15.2,46.2,16.5,41.78,54.69,0.0,42.68,30.07,0.77,46.58,15.64,0.0,40.87,11.06,16.5,44.01,19.63,25.78,25.78,26.97,0.77,47.08,41.58,0.77,37.97,44.01,33.09,42.55
Arcos Bar,33.83,12.92,5.94,0.0,58.1,46.73,6.98,4.33,46.12,17.76,50.01,48.54,50.39,50.63,73.81,47.03,60.75,25.18,33.89,54.89,43.53,46.67,9.04,39.47,59.32,9.93,15.38,10.91,44.9,41.26,13.78,49.85,56.49,30.33,6.15,49.47,49.96,41.9,8.07,30.51,49.72,48.91,46.65,45.37,9.82,9.82,13.0,17.61,50.86,26.49,10.92,55.63,47.31,56.6,31.95,41.82,15.38,23.62,53.57,9.82,67.05,45.6,9.93,59.32,9.62,41.06,32.9,35.71,23.67,69.94,13.78,9.04,49.47,46.65,10.59,13.05,30.95,63.1,25.18,58.1,60.94,2.89,10.14,56.81,50.14,46.4,46.4,4.0,49.85,35.71,6.98,33.89,58.1,6.98,15.38,35.71,11.75,57.94,13.05,44.9,57.81,10.14,45.6,50.86,9.23,55.63,11.71,10.14,43.79,9.04,13.05,56.81,17.76,34.84,34.84,25.18,9.23,50.01,50.63,9.23,47.03,56.81,39.34,55.35
Armazém Santa Amélia,25.94,52.82,49.85,58.1,0.0,17.89,61.25,58.17,40.86,61.59,21.56,14.61,22.67,64.91,86.13,49.33,59.88,62.13,56.93,57.13,25.91,40.31,59.8,60.76,71.1,63.78,49.49,57.96,26.83,24.49,50.99,37.19,55.7,33.22,52.39,41.34,41.82,77.76,53.27,33.4,28.68,10.29,12.98,29.27,51.42,51.42,57.05,54.82,28.87,60.41,56.43,59.89,29.95,59.3,55.29,29.69,49.49,57.45,12.71,51.42,83.49,21.09,63.78,71.1,51.04,76.91,30.16,30.18,53.5,82.26,50.99,50.64,41.34,12.98,54.64,57.11,28.21,75.41,62.13,0.0,32.7,56.73,49.94,18.79,30.61,13.23,13.23,58.87,37.19,30.18,61.25,56.93,0.0,61.25,49.49,30.18,55.8,69.72,57.11,26.83,22.78,49.94,21.09,28.87,50.63,59.89,56.24,49.94,14.68,59.8,57.11,18.79,61.59,48.58,48.58,62.13,50.63,21.56,64.91,50.63,49.33,18.79,28.14,10.77
Avalanche Espeteria,14.57,50.16,43.8,46.73,17.89,0.0,49.28,46.2,57.19,46.46,9.23,5.5,10.19,63.19,90.46,53.66,64.21,50.15,61.25,61.45,10.97,57.74,47.82,65.08,75.43,51.8,49.42,45.99,13.57,8.21,39.01,53.38,60.02,21.24,40.42,45.66,46.15,82.08,44.24,21.43,33.38,10.27,5.26,16.42,39.44,39.44,45.08,58.65,47.08,48.43,44.45,68.19,11.82,69.15,59.61,16.43,49.42,42.32,25.18,39.44,71.51,5.4,51.8,75.43,39.06,81.24,18.19,18.21,57.34,86.59,39.01,38.66,45.66,5.26,42.66,45.13,16.23,79.74,50.15,17.71,45.18,44.76,44.26,31.27,46.36,5.51,5.51,46.89,53.38,18.21,49.28,61.25,17.71,49.28,49.42,18.21,43.83,74.05,45.13,13.57,10.41,44.26,5.4,47.08,40.49,68.19,44.27,44.26,7.26,47.82,45.13,31.27,46.46,52.91,52.91,50.15,40.49,9.23,63.19,40.49,53.66,31.27,20.88,21.98
Azougue Fogo e Bar,40.37,13.76,8.74,6.98,61.25,49.28,0.0,4.37,69.29,23.99,56.88,55.41,57.26,64.89,68.64,66.45,55.58,34.68,55.07,49.72,50.4,69.83,14.39,58.0,54.15,2.89,16.78,13.14,51.77,48.13,13.99,73.02,51.32,37.2,9.88,41.16,41.65,36.73,11.12,37.38,39.28,55.78,53.52,52.24,14.05,14.05,21.92,15.89,40.41,35.99,14.45,70.27,54.18,68.34,53.43,48.69,16.78,32.24,51.11,14.05,73.92,52.47,2.89,54.15,13.4,35.89,39.77,42.59,33.59,64.77,13.99,13.27,41.16,53.52,17.46,20.15,37.82,57.92,34.68,60.2,81.35,5.35,12.25,54.35,39.69,53.28,53.28,7.72,73.02,42.59,0.0,55.07,60.2,0.0,16.78,42.59,18.62,52.77,20.15,51.77,64.68,12.25,52.47,40.41,11.34,70.27,18.41,12.25,50.67,14.39,20.15,54.35,23.99,30.41,30.41,34.68,11.34,56.88,64.89,11.34,66.45,54.35,43.43,52.9
Baiuca,37.29,13.93,8.22,4.33,58.17,46.2,4.37,0.0,70.13,22.88,54.4,52.94,54.79,65.73,69.48,67.29,56.42,35.38,55.91,50.56,47.92,70.68,13.28,58.84,54.99,6.64,14.84,11.2,50.18,45.65,12.06,73.86,52.16,34.72,9.19,39.22,39.71,37.58,9.18,34.91,37.34,53.31,51.05,49.77,12.12,12.12,20.81,13.95,38.47,36.68,12.51,71.11,51.7,69.18,54.27,47.1,14.84,31.13,49.17,12.12,72.34,50.0,6.64,54.99,11.46,36.73,37.3,40.11,21.45,65.62,12.06,11.33,39.22,51.05,16.35,19.04,35.34,58.77,35.38,58.26,48.56,4.66,10.31,52.42,37.76,50.8,50.8,7.03,73.86,40.11,3.5,55.91,58.26,3.5,14.84,40.11,17.52,53.61,19.04,50.18,63.1,10.31,50.0,38.47,9.4,71.11,17.3,10.31,48.19,13.28,19.04,52.42,22.88,28.47,28.47,35.38,9.4,54.4,65.73,9.4,67.29,52.42,41.49,50.96
Bar Bambú,48.28,31.81,37.06,46.12,40.86,57.19,69.29,70.13,0.0,65.28,67.22,65.76,67.61,17.6,52.59,15.7,26.34,65.81,23.39,23.59,60.74,2.14,48.48,27.22,37.56,78.55,29.03,36.28,65.8,58.48,36.6,3.96,22.16,47.54,57.07,14.43,16.63,44.22,41.24,47.73,21.52,46.44,49.86,62.59,40.38,40.38,49.09,34.36,14.92,64.09,37.18,18.02,64.52,17.43,21.75,62.72,29.03,61.14,31.52,40.38,87.17,62.82,78.55,37.56,37.76,43.37,50.12,50.0,33.05,48.72,36.6,39.59,14.43,49.86,46.68,49.14,48.16,41.87,65.81,40.6,12.13,45.24,37.91,22.62,11.7,51.52,51.52,44.78,3.96,50.0,44.25,23.39,40.6,44.25,29.03,50.0,47.84,36.18,49.14,65.8,78.71,37.91,62.82,14.92,38.6,18.02,48.28,37.91,61.01,48.48,49.14,22.62,65.28,14.3,14.3,65.81,38.6,67.22,17.6,38.6,15.7,22.62,47.83,33.3
Bar Bendita Baderna,30.38,25.98,19.63,17.76,61.59,46.46,23.99,22.88,65.28,0.0,43.56,54.55,44.22,57.5,97.24,60.44,70.99,14.55,51.17,51.45,37.19,53.54,10.65,46.34,82.21,26.76,31.44,28.0,32.62,37.11,23.64,56.72,50.06,32.19,22.75,52.44,52.93,61.99,28.45,32.37,52.7,52.81,50.55,49.27,21.25,21.25,5.96,40.66,53.83,15.85,26.46,62.5,35.67,63.47,49.22,29.55,31.44,12.98,56.54,21.25,49.73,46.04,26.76,82.21,23.03,61.14,33.44,36.9,39.35,93.37,23.64,20.47,52.44,50.55,6.45,6.17,34.84,86.52,14.55,62.0,63.92,21.45,26.27,59.78,53.11,50.3,50.3,19.23,56.72,36.9,24.22,51.17,62.0,24.22,31.44,36.9,5.68,80.83,6.17,32.62,45.54,26.27,46.04,53.83,26.96,62.5,9.4,26.27,47.69,10.65,6.17,59.78,0.0,41.71,41.71,14.55,26.96,43.56,57.5,26.96,60.44,59.78,40.52,58.32
Bar da Cíntia,17.85,53.44,47.08,50.01,21.56,9.23,56.88,54.4,67.22,43.56,0.0,10.01,1.22,68.15,95.42,58.62,69.17,44.01,66.22,66.42,12.95,62.7,50.19,70.04,80.39,56.76,54.39,50.95,19.67,13.81,43.98,58.34,64.98,26.21,45.38,50.62,51.11,87.04,49.2,26.39,38.34,16.79,11.79,22.02,44.4,44.4,45.57,63.61,52.04,42.29,49.41,73.15,12.44,74.11,64.57,17.98,54.39,38.39,31.71,44.4,65.37,4.96,56.76,80.39,44.02,86.2,23.15,23.17,62.3,91.55,43.98,43.62,50.62,11.79,44.14,46.16,21.19,84.7,44.01,21.55,52.6,49.72,49.22,40.82,51.32,12.04,12.04,51.85,58.34,23.17,54.24,66.22,21.55,54.24,54.39,23.17,45.43,79.01,46.16,19.67,3.18,49.22,4.96,52.04,45.45,73.15,45.75,49.22,16.0,50.19,46.16,40.82,42.53,57.87,57.87,44.01,45.45,0.0,68.15,45.45,58.62,40.82,25.84,28.5
Bar da Fia,16.39,51.97,45.62,48.54,14.61,5.5,55.41,52.94,65.76,54.55,10.01,0.0,11.12,64.96,92.23,55.43,65.98,51.92,63.03,63.23,14.17,59.51,49.59,66.85,77.2,53.57,51.2,47.76,16.78,11.42,40.79,46.18,61.8,23.02,42.19,47.43,47.92,83.85,46.01,23.2,37.66,6.78,1.77,19.22,41.21,41.21,46.85,60.42,37.85,50.2,46.22,69.96,15.02,70.93,61.38,19.65,51.2,47.25,21.69,41.21,73.28,9.03,53.57,77.2,40.83,83.01,19.96,19.98,59.11,88.36,40.79,40.43,47.43,1.77,44.44,46.9,18.0,81.51,51.92,14.22,41.68,46.53,46.03,27.77,48.13,2.02,2.02,48.66,46.18,19.98,51.05,63.03,14.22,51.05,51.2,19.98,45.6,75.82,46.9,16.78,11.18,46.03,9.03,37.85,42.26,69.96,46.04,46.03,4.61,49.59,46.9,27.77,51.39,54.68,54.68,51.92,42.26,10.0,64.96,42.26,55.43,27.77,22.65,18.49
Bar da Lu,18.24,53.82,47.47,50.39,22.67,10.19,57.26,54.79,67.61,44.22,1.22,11.12,0.0,69.31,96.58,59.78,70.33,42.88,67.38,67.58,12.97,63.86,49.07,71.2,81.55,57.92,55.55,52.11,18.55,14.97,45.14,59.5,66.14,27.37,46.54,51.78,52.27,88.2,50.36,27.55,39.5,18.49,13.48,23.18,45.56,45.56,44.44,64.77,53.2,41.16,50.57,74.31,11.94,75.27,65.73,16.85,55.55,37.27,33.4,45.56,64.24,6.12,57.92,81.55,45.18,87.36,24.31,24.33,63.46,92.71,45.14,44.78,51.78,13.48,43.02,45.03,22.35,85.86,42.88,25.93,53.76,50.88,50.38,41.98,52.48,13.73,13.73,53.01,59.5,24.33,55.4,67.38,25.93,55.4,55.55,24.33,44.3,80.17,45.03,18.55,4.91,50.38,6.12,53.2,46.61,74.31,44.62,50.38,17.16,49.07,45.03,41.98,41.41,59.03,59.03,42.88,46.61,3.07,69.31,46.61,59.78,41.98,27.0,30.2
Bar da Silvânia,54.29,36.33,41.58,50.63,64.91,63.19,64.89,65.73,17.6,57.5,68.15,64.96,69.31,0.0,35.65,15.43,15.26,75.64,16.51,16.71,70.56,32.2,51.64,19.9,31.24,72.23,32.19,36.48,75.62,68.3,39.76,24.11,15.28,57.37,44.97,34.78,29.02,37.9,44.4,57.55,42.94,75.95,73.69,72.41,43.54,43.54,52.25,37.52,44.07,73.92,40.34,5.38,74.34,6.84,14.87,72.54,32.19,61.21,58.6,43.54,97.0,72.64,72.23,31.24,40.92,37.05,59.94,59.82,36.21,31.78,39.76,42.75,34.78,73.69,49.84,52.3,57.99,26.1,75.64,67.69,28.5,48.4,41.07,42.31,37.68,73.44,73.44,47.94,24.11,59.82,44.45,16.51,67.69,44.45,32.19,59.82,51.0,29.86,52.3,75.62,88.54,41.07,72.64,44.07,41.76,5.38,51.44,41.07,70.83,51.64,52.3,42.31,55.43,25.13,25.13,75.64,41.76,77.05,0.0,41.76,15.43,42.31,57.66,60.38
Bar do Bartolomeu,81.55,51.22,58.2,73.81,86.13,90.46,68.64,69.48,52.59,97.24,95.42,92.23,96.58,35.65,0.0,47.98,28.8,94.8,36.61,31.25,89.73,51.37,73.48,39.53,14.87,71.64,54.02,55.44,94.78,87.46,61.59,54.55,32.85,76.53,86.05,53.94,48.18,36.39,59.19,76.71,62.11,95.11,92.85,91.57,65.37,65.37,74.08,45.82,63.24,93.08,56.75,39.19,93.51,37.26,34.96,91.71,54.02,90.12,77.76,65.37,116.16,91.8,71.64,14.87,62.75,35.55,79.1,78.98,40.48,5.25,61.59,64.58,53.94,92.85,71.67,74.14,77.15,13.28,94.8,86.85,62.89,75.05,57.39,73.96,56.84,92.61,92.61,77.43,54.55,78.98,71.01,36.61,86.85,71.01,54.02,78.98,72.83,18.4,74.14,94.78,107.7,57.39,91.8,63.24,58.16,39.19,73.27,57.39,90.0,73.48,74.14,73.96,94.26,43.88,43.88,94.8,58.16,96.21,33.81,58.16,47.98,73.96,76.82,79.55
Bar do Bem,44.75,32.72,37.97,47.03,49.33,53.66,66.45,67.29,15.7,60.44,58.62,55.43,59.78,15.43,47.98,0.0,13.64,69.78,10.69,10.89,64.71,26.35,41.98,14.52,24.86,65.85,22.52,29.78,69.77,62.44,30.09,29.53,9.46,51.51,35.3,28.92,23.17,31.52,34.73,51.7,37.09,70.1,67.84,66.56,33.87,33.87,42.58,27.85,38.22,68.06,30.67,16.65,68.49,17.61,9.05,66.69,22.52,51.54,52.75,33.87,91.14,66.79,65.85,24.86,31.25,30.67,54.09,53.97,26.54,36.02,30.09,33.09,28.92,67.84,40.17,42.64,52.13,29.17,69.78,61.83,39.02,38.73,31.4,47.29,31.83,67.59,67.59,38.27,29.53,53.97,37.75,10.69,61.83,37.75,22.52,53.97,41.33,23.48,42.64,69.77,82.68,31.4,66.79,38.22,32.09,16.65,41.77,31.4,64.98,41.98,42.64,47.29,45.76,15.46,15.46,69.78,32.09,71.19,11.65,32.09,0.0,47.29,51.8,54.53
Bar do Kim,55.3,29.39,36.36,60.75,59.88,64.21,55.58,56.42,26.34,70.99,69.17,65.98,70.33,15.26,28.8,13.64,0.0,72.26,7.86,8.71,67.19,28.83,50.9,16.99,17.19,58.17,31.45,32.86,72.24,64.92,39.02,32.01,6.63,53.99,38.81,31.4,25.64,21.99,36.62,54.17,39.56,72.57,70.31,69.03,42.79,42.79,51.51,23.24,40.7,70.54,34.18,18.41,70.97,16.48,6.22,69.16,31.45,67.58,55.22,42.79,93.62,69.26,58.17,17.19,40.18,21.14,56.56,56.44,17.91,28.35,39.02,42.01,31.4,70.31,49.09,51.56,54.61,21.5,72.26,64.31,40.35,61.59,34.82,51.42,34.3,70.07,70.07,40.93,32.01,56.44,57.55,7.86,64.31,57.55,31.45,56.44,50.26,15.81,51.56,72.24,85.16,34.82,69.26,40.7,35.59,18.41,50.7,34.82,67.45,50.9,51.56,51.42,71.72,21.33,21.33,72.26,35.59,73.67,13.03,35.59,25.44,51.42,54.28,57.01
Bar do Nelson,31.86,33.33,26.97,25.18,62.13,50.15,34.68,35.38,65.81,14.55,44.01,51.92,42.88,75.64,94.8,69.78,72.26,0.0,63.63,63.83,32.78,60.11,21.28,50.27,77.8,37.54,35.37,31.93,28.21,32.7,27.57,55.75,62.39,27.78,26.68,48.03,48.52,65.92,32.38,27.96,48.29,48.4,46.14,44.86,25.18,25.18,18.58,44.59,49.42,1.58,30.39,70.56,31.26,71.52,61.98,25.14,35.37,4.18,52.13,25.18,35.9,41.63,37.54,77.8,26.96,65.07,29.03,32.49,43.28,88.96,27.57,24.4,48.03,46.14,17.02,16.8,30.43,82.11,0.0,57.58,59.5,30.5,30.2,55.37,48.7,45.89,45.89,33.15,55.75,32.49,35.52,63.63,57.58,35.52,35.37,32.49,18.77,76.42,16.8,28.21,41.13,30.2,41.63,49.42,30.89,70.56,20.03,30.2,43.28,21.28,16.8,55.37,13.17,45.64,45.64,0.0,30.89,39.15,65.56,30.89,56.03,55.37,36.11,53.91
Bar do Primo,52.35,21.81,28.79,33.89,56.93,61.25,55.07,55.91,23.39,51.17,66.22,63.03,67.38,16.51,36.61,10.69,7.86,63.63,0.0,10.96,53.97,15.64,40.66,3.82,34.11,39.5,21.2,28.49,59.03,51.71,28.77,18.82,9.57,40.78,50.3,13.56,12.45,40.76,33.41,40.96,26.35,59.36,57.1,55.82,32.55,32.55,41.26,26.53,27.48,57.33,29.35,24.28,57.76,25.24,8.74,55.95,21.2,54.37,42.01,32.55,80.41,56.05,39.5,34.11,29.93,39.92,43.35,43.23,25.22,45.27,28.77,31.76,13.56,57.1,38.85,41.31,41.4,38.42,59.05,51.1,27.16,37.41,30.08,46.39,21.07,56.85,56.85,36.95,18.82,43.23,36.46,0.0,51.1,36.46,21.2,43.23,40.01,32.73,41.31,59.03,71.95,30.08,56.05,27.48,30.77,24.28,40.45,30.08,54.24,40.66,41.31,46.39,58.51,8.15,8.15,59.05,30.77,60.46,19.28,30.77,12.25,46.39,41.07,43.79
Bar do Regis,52.55,22.09,29.07,54.89,57.13,61.45,49.72,50.56,23.59,51.45,66.42,63.23,67.58,16.71,31.25,10.89,8.71,63.83,10.96,0.0,59.04,20.68,50.41,8.85,19.28,60.27,26.23,25.89,64.1,56.78,33.8,23.87,2.03,45.84,55.37,23.26,17.5,25.94,29.64,46.03,31.42,64.43,62.17,60.89,43.49,43.49,51.0,25.04,32.55,62.39,27.2,21.12,62.82,19.19,4.28,61.02,26.23,59.44,47.08,43.49,85.47,61.12,60.27,19.28,34.96,25.09,48.42,48.3,21.09,30.44,33.8,42.7,23.26,62.17,48.59,51.06,46.46,23.59,64.11,56.16,32.2,34.42,27.85,43.28,26.16,61.92,61.92,33.95,23.87,48.3,33.86,5.92,56.16,33.86,26.23,48.3,49.76,17.9,51.06,64.1,77.01,27.85,61.12,32.55,28.62,21.12,50.2,27.85,59.31,50.41,51.06,43.28,63.58,13.19,13.19,64.11,28.62,65.52,15.74,28.62,17.29,43.28,46.14,48.86
Bar do Romeu,11.37,46.95,40.6,43.53,25.91,10.97,50.4,47.92,60.74,37.19,12.95,14.17,12.97,70.56,89.73,64.71,67.19,32.78,53.97,59.04,0.0,60.88,41.64,68.22,78.57,54.94,52.56,49.13,6.22,3.08,42.15,56.52,63.16,24.38,43.56,48.8,49.29,85.22,47.38,24.57,36.52,16.19,13.25,11.1,42.58,42.58,37.02,61.79,50.21,33.74,47.59,71.33,1.79,72.29,62.75,8.67,52.56,29.84,31.71,42.58,56.82,11.2,54.94,78.57,42.2,84.38,21.33,21.35,60.48,89.73,42.15,41.8,48.8,13.25,35.59,37.61,19.37,82.88,35.46,25.63,50.78,47.9,47.4,39.0,49.5,13.5,13.5,50.03,56.52,21.35,52.42,64.39,25.63,52.42,52.56,21.35,36.88,77.19,37.61,6.22,14.45,47.4,11.2,50.21,43.62,71.33,37.2,47.4,12.96,41.64,37.61,39.0,33.98,56.04,56.04,35.46,43.62,11.98,66.33,43.62,56.79,39.0,24.02,28.5
Bar dos Meninos,48.83,32.36,37.61,46.67,40.31,57.74,69.83,70.68,2.14,53.54,62.7,59.51,63.86,32.2,51.37,26.35,28.83,60.11,15.64,20.68,60.88,0.0,49.03,27.76,38.11,79.1,29.58,36.83,66.35,59.02,37.15,3.43,22.71,48.09,57.62,13.9,16.1,44.77,41.79,48.28,20.99,45.91,49.33,63.14,40.92,40.92,49.64,34.91,14.38,64.64,37.73,18.57,65.07,17.98,22.3,63.27,29.58,61.69,30.99,40.92,87.72,63.37,79.1,38.11,38.31,43.92,50.67,50.55,33.6,49.27,37.15,40.14,13.9,49.33,47.22,49.69,48.71,42.42,66.36,40.07,11.6,45.79,38.46,22.09,11.17,50.99,50.99,45.33,3.43,50.55,44.8,23.94,40.07,44.8,29.58,50.55,48.39,36.73,49.69,66.35,79.26,38.46,63.37,14.38,39.15,18.57,48.83,38.46,61.56,49.03,49.69,22.09,65.83,14.85,14.85,66.36,39.15,67.77,18.15,39.15,16.25,22.09,48.38,32.77
Bar Du Du,38.91,18.81,11.06,9.04,59.8,47.82,14.39,13.28,48.48,10.65,50.19,49.59,49.07,51.64,73.48,41.98,50.9,21.28,40.66,50.41,41.64,49.03,0.0,38.79,78.56,18.32,23.89,20.45,37.55,40.58,13.1,49.17,42.51,29.65,9.5,48.79,49.28,50.22,16.18,29.83,49.05,48.23,45.97,44.69,11.21,11.21,4.75,33.11,50.18,21.29,18.91,54.96,46.63,55.92,41.68,34.47,23.89,18.42,52.89,11.21,59.7,44.92,18.32,78.56,11.55,49.37,32.22,35.04,31.8,89.72,13.1,10.42,48.79,45.97,6.17,4.81,30.27,82.87,19.99,57.42,60.26,11.2,12.7,56.13,49.46,45.72,45.72,10.41,49.17,35.04,15.78,43.62,57.42,15.78,23.89,35.04,4.21,77.18,4.81,37.55,50.47,12.7,44.92,50.18,11.79,54.96,3.82,12.7,43.11,0.0,4.81,56.13,10.03,34.16,34.16,19.99,11.79,48.48,49.96,11.79,46.35,56.13,38.66,54.67
Bar e Restaurante Bom Sabor,56.17,18.17,25.14,39.47,60.76,65.08,58.0,58.84,27.22,46.34,70.04,66.85,71.2,19.9,39.53,14.52,16.99,50.27,3.82,8.85,68.22,27.76,38.79,0.0,32.63,35.69,17.39,24.68,57.55,50.23,24.96,17.35,7.61,39.3,30.16,12.08,10.98,35.94,29.59,39.49,24.88,57.89,55.63,54.34,28.73,28.73,37.44,22.71,26.01,55.85,25.54,22.8,56.28,23.77,6.78,54.48,17.39,52.9,40.54,28.73,78.93,54.58,35.69,32.63,26.11,35.1,41.88,41.75,21.4,34.26,24.96,27.95,12.08,55.63,35.03,37.5,39.92,28.58,57.57,49.62,25.68,33.6,26.26,44.91,19.59,55.38,55.38,33.14,17.35,41.75,32.65,8.72,49.62,32.65,17.39,41.75,36.2,31.25,37.5,57.55,70.47,26.26,54.58,26.01,26.95,22.8,36.64,26.26,52.77,36.84,37.5,44.91,40.62,6.67,6.67,57.57,26.95,58.98,17.8,26.95,10.77,44.91,39.59,42.32
Bar e Restaurante do Joãozinho,66.52,40.61,47.58,59.32,71.1,75.43,54.15,54.99,37.56,82.21,80.39,77.2,81.55,31.24,14.87,24.86,17.19,77.8,34.11,19.28,78.57,38.11,78.56,32.63,0.0,51.1,41.25,42.66,82.01,74.69,48.82,41.78,20.08,63.76,73.28,41.17,35.41,23.62,46.42,63.94,49.33,82.34,80.08,78.8,52.59,52.59,61.31,33.04,50.46,80.31,43.98,30.23,80.74,28.3,22.19,78.93,41.25,77.35,64.99,52.59,103.39,79.03,51.1,0.0,49.98,22.77,66.33,66.21,27.71,10.46,48.82,51.81,41.17,80.08,58.89,61.36,64.38,7.76,82.03,74.08,50.12,54.52,44.62,61.19,44.07,79.83,79.83,56.89,41.78,66.21,50.47,23.83,74.08,50.47,41.25,66.21,60.06,5.43,61.36,82.01,94.93,44.62,79.03,50.46,45.39,30.23,60.5,44.62,77.22,60.7,61.36,61.19,81.49,31.1,31.1,82.03,45.39,83.44,24.86,45.39,35.21,61.19,64.05,66.77
Bar Estabelecimento,42.9,16.8,11.78,9.93,63.78,51.8,2.89,6.64,78.55,26.76,56.76,53.57,57.92,72.23,71.64,65.85,58.17,37.54,39.5,60.27,54.94,79.1,18.32,35.69,51.1,0.0,16.37,12.72,51.71,47.66,13.58,72.6,50.9,36.73,11.2,40.75,41.23,36.32,10.71,36.92,38.86,55.32,53.06,51.78,13.64,13.64,23.94,15.48,39.99,38.2,14.03,69.85,53.71,67.92,53.02,48.63,16.37,35.33,50.7,13.64,73.86,52.01,0.0,53.73,12.98,35.47,39.31,42.12,33.18,64.36,13.58,12.86,40.75,53.06,19.48,22.17,37.35,57.51,36.9,59.78,80.94,6.67,11.83,53.94,39.28,52.81,52.81,9.04,72.6,42.12,2.63,54.66,59.78,2.63,16.37,42.12,20.65,52.36,22.17,51.71,64.62,11.83,52.01,39.99,10.92,69.85,20.43,11.83,50.2,16.41,22.17,53.94,26.01,29.99,29.99,36.9,10.92,56.41,64.48,10.92,66.03,53.94,43.02,52.48
Bar Junto Juntinho,40.52,4.13,10.28,15.38,49.49,49.42,16.78,14.84,29.03,31.44,54.39,51.2,55.55,32.19,54.02,22.52,31.45,35.37,21.2,26.23,52.56,29.58,23.89,17.39,41.25,16.37,0.0,7.43,49.85,50.84,12.04,29.02,17.78,38.6,13.37,21.39,22.65,30.39,11.19,40.1,24.53,55.11,56.24,54.95,14.34,14.34,24.52,9.98,25.66,36.35,5.41,34.8,56.89,35.76,16.95,46.77,0.0,33.48,40.19,14.34,79.54,55.19,18.44,37.68,13.19,29.55,42.49,42.37,8.67,44.43,12.04,13.56,21.39,56.24,22.11,24.58,40.53,38.75,35.05,49.28,37.35,15.97,9.39,36.39,24.95,55.99,55.99,15.49,29.02,42.37,15.4,18.89,49.28,15.4,0.0,42.37,23.28,36.3,24.58,49.85,62.77,9.39,55.19,25.66,10.16,34.8,23.72,9.39,53.38,20.45,24.58,36.39,27.7,14.0,14.0,35.05,10.16,59.59,29.8,10.16,26.19,36.39,40.2,41.97
Bar Mania Mineira,37.08,5.79,6.16,10.91,57.96,45.99,13.14,11.2,36.28,28.0,50.95,47.76,52.11,36.48,55.44,29.78,32.86,31.93,28.49,25.89,49.13,36.83,20.45,24.68,42.66,12.72,7.43,0.0,44.18,40.74,6.32,33.71,22.47,29.81,7.78,26.08,27.34,35.08,6.28,29.99,29.22,48.39,46.13,44.85,8.75,8.75,18.85,8.77,30.35,30.68,1.31,39.49,46.79,40.45,21.64,41.1,5.07,27.81,44.65,8.75,66.34,45.08,15.76,42.37,7.47,34.24,32.38,35.19,13.36,49.12,6.32,7.97,26.08,46.13,16.44,18.91,30.43,43.44,29.38,53.74,42.04,10.38,3.8,47.89,29.64,45.88,45.88,9.9,33.71,35.19,12.72,23.58,53.74,12.72,5.07,35.19,17.61,41.0,18.91,44.18,57.1,3.8,45.08,30.35,4.57,39.49,18.05,3.8,43.27,14.86,18.91,47.89,22.03,18.69,18.69,29.38,4.57,49.49,34.49,4.57,30.88,47.89,36.97,46.44
Bar Pompéu,12.3,48.13,41.78,44.9,26.83,13.57,51.77,50.18,65.8,32.62,19.67,16.78,18.55,75.62,94.78,69.77,72.24,28.21,59.03,64.1,6.22,66.35,37.55,57.55,82.01,51.71,49.85,44.18,0.0,5.81,39.1,53.64,60.28,23.1,38.21,45.92,46.41,82.34,43.91,23.28,46.18,17.41,15.15,12.07,36.71,36.71,31.69,56.12,47.31,28.42,41.93,68.45,5.22,69.41,59.87,4.18,46.9,24.52,32.68,36.71,51.49,13.93,49.07,75.69,38.49,81.5,20.04,20.06,54.81,86.85,39.1,35.93,45.92,15.15,30.27,32.28,18.09,80.0,30.13,26.6,57.39,42.03,41.73,37.72,46.59,14.9,14.9,44.69,53.64,20.06,47.07,61.51,26.6,47.07,46.9,20.06,31.55,74.31,32.28,0.0,18.17,41.73,13.93,47.31,42.42,68.45,31.87,41.73,12.29,36.32,32.28,37.72,28.66,53.16,53.16,30.13,42.42,15.7,63.45,42.42,53.91,37.72,22.74,29.47
Bar Stella,9.1,44.69,38.33,41.26,24.49,8.21,48.13,45.65,58.48,37.11,13.81,11.42,14.97,68.3,87.46,62.44,64.92,32.7,51.71,56.78,3.08,59.02,40.58,50.23,74.69,47.66,50.84,40.74,5.81,0.0,37.8,52.17,58.81,20.03,39.2,44.45,44.94,80.87,43.02,20.22,32.17,13.43,10.5,9.8,38.23,38.23,36.94,57.43,45.86,33.66,43.24,66.98,5.01,67.94,58.4,8.59,48.21,29.76,29.19,38.23,56.74,8.45,50.59,74.21,37.85,80.02,16.97,17.0,56.12,85.37,37.8,37.45,44.45,10.5,35.51,37.53,15.02,78.52,35.38,23.11,46.43,43.55,43.05,34.65,45.15,10.75,10.75,45.68,52.17,17.0,48.07,60.04,23.11,48.07,48.21,17.0,36.8,72.83,37.53,5.8,15.32,43.05,8.45,45.86,39.27,66.98,37.12,43.05,10.21,46.61,37.53,34.65,33.9,51.69,51.69,35.38,39.27,12.85,61.98,39.27,52.44,34.65,19.67,25.98
Bar Temático Sta. Teresa,30.11,10.27,3.65,13.78,50.99,39.01,13.99,12.06,36.6,23.64,43.98,40.79,45.14,39.76,61.59,30.09,39.02,27.57,28.77,33.8,42.15,37.15,13.1,24.96,48.82,13.58,12.04,6.32,39.1,37.8,0.0,38.98,32.32,25.59,9.31,29.01,29.49,44.25,6.54,25.78,27.13,44.18,41.92,40.64,5.86,5.86,14.64,22.92,28.26,26.47,7.04,44.77,42.57,45.73,31.49,36.89,11.5,23.6,38.96,5.86,62.12,40.87,14.99,52.22,3.0,43.41,28.17,33.44,21.61,58.97,0.0,5.08,29.01,41.92,12.23,14.69,26.21,51.74,25.16,48.05,38.34,10.54,3.21,42.2,27.54,41.67,41.67,10.08,38.98,33.44,11.95,33.43,48.05,11.95,11.5,33.44,13.39,50.84,14.69,39.97,52.88,3.21,40.87,28.26,3.9,44.77,13.83,3.21,39.06,14.03,14.69,42.2,17.82,23.97,23.97,25.16,3.9,45.27,39.77,3.9,36.16,42.2,31.28,40.74
Barrigudinha Buteco,44.47,35.54,40.79,49.85,37.19,53.38,73.02,73.86,3.96,56.72,58.34,46.18,59.5,24.11,54.55,29.53,32.01,55.75,18.82,23.87,56.52,3.43,49.17,17.35,41.78,72.6,29.02,33.71,53.64,52.17,38.98,0.0,25.95,39.33,37.44,11.55,13.74,48.01,37.06,40.82,17.88,42.79,46.21,55.68,36.07,36.07,43.59,38.15,11.27,57.19,40.98,19.24,57.62,18.65,25.54,55.81,32.83,54.23,27.87,36.07,80.27,55.91,82.34,41.36,41.55,47.16,43.21,37.55,36.84,52.52,40.4,35.29,11.55,46.21,41.17,43.64,41.26,45.67,58.91,36.95,8.48,41.06,33.73,18.97,8.82,47.87,47.87,40.6,0.0,37.55,48.05,27.18,36.95,48.05,32.83,37.55,42.34,39.98,43.64,58.89,71.81,33.73,55.91,11.27,34.42,19.24,42.78,33.73,47.18,42.99,43.64,18.97,58.37,18.09,18.09,58.91,34.42,60.32,18.81,34.42,19.5,18.97,34.9,29.65
Barzim dos amigos,51.12,20.7,27.68,56.49,55.7,60.02,51.32,52.16,22.16,50.06,64.98,61.8,66.14,15.28,32.85,9.46,6.63,62.39,9.57,2.03,63.16,22.71,42.51,7.61,20.08,50.9,17.78,22.47,60.28,58.81,32.32,25.95,0.0,47.41,29.9,24.83,19.07,23.79,27.71,47.6,32.99,66.0,63.74,62.46,45.05,45.05,52.57,23.11,34.12,63.96,25.27,22.69,64.39,20.76,5.85,62.59,21.0,61.01,48.65,45.05,87.04,62.69,34.97,20.73,32.56,22.94,49.99,49.87,19.16,31.89,31.41,44.27,24.83,63.74,50.16,52.63,48.03,25.05,65.68,57.73,33.77,32.5,25.92,44.84,27.73,63.49,63.49,32.02,25.43,49.87,31.93,7.49,57.73,31.93,21.0,49.87,51.33,19.36,52.63,65.67,78.58,25.92,62.69,34.12,26.69,22.69,51.77,25.92,60.88,36.97,52.63,44.84,65.15,14.76,14.76,65.68,26.69,67.09,17.31,26.69,18.86,44.84,47.7,50.43
Bazin Bar,12.34,33.76,27.4,30.33,33.22,21.24,37.2,34.72,47.54,32.19,26.21,23.02,27.37,57.37,76.53,51.51,53.99,27.78,40.78,45.84,24.38,48.09,29.65,39.3,63.76,36.73,38.6,29.81,23.1,20.03,25.59,39.33,47.41,0.0,23.81,29.05,29.54,65.47,27.63,0.47,29.33,25.15,22.89,21.61,22.83,22.83,28.47,42.04,30.47,31.82,27.84,51.58,23.55,52.54,43.0,23.55,32.81,28.87,23.66,22.83,54.9,21.84,35.19,58.82,22.45,64.63,9.14,5.71,40.73,69.98,22.4,22.05,29.05,22.89,26.05,28.52,7.19,63.13,33.54,34.34,40.55,28.15,27.65,26.91,29.75,22.64,22.64,30.28,36.77,5.71,32.67,44.64,34.34,32.67,32.81,5.71,27.22,57.44,28.52,20.69,28.72,27.65,21.84,30.47,23.88,51.58,27.66,27.65,20.03,31.21,28.52,26.91,33.01,36.3,36.3,33.54,23.88,26.25,46.58,23.88,37.05,26.91,10.71,25.45
Beco Restaurante,31.51,11.73,3.98,6.15,52.39,40.42,9.88,9.19,57.07,22.75,45.38,42.19,46.54,44.97,86.05,35.3,38.81,26.68,50.3,55.37,43.56,57.62,9.5,30.16,73.28,11.2,13.37,7.78,38.21,39.2,9.31,37.44,29.9,23.81,0.0,44.53,45.02,43.96,5.93,25.57,33.43,43.97,41.71,40.43,4.92,4.92,11.57,14.68,34.56,26.45,8.77,49.55,42.36,50.51,36.27,36.87,13.23,23.58,48.62,4.92,62.11,40.66,11.99,74.29,4.72,43.12,27.96,30.77,26.39,72.0,7.69,4.14,44.53,41.71,9.16,11.63,26.0,65.15,25.15,53.15,44.64,4.95,5.37,51.86,33.84,41.46,41.46,5.53,43.77,30.77,8.79,38.21,53.15,8.79,13.23,30.77,10.33,72.91,11.63,39.95,52.87,5.37,40.66,34.56,4.46,49.55,10.29,5.37,38.85,8.33,11.63,51.86,16.33,28.75,28.75,25.15,4.46,45.06,44.55,4.46,40.94,51.86,34.39,50.4
Benjamin Bar,36.76,24.94,30.82,49.47,41.34,45.66,41.16,39.22,14.43,52.44,50.62,47.43,51.78,34.78,53.94,28.92,31.4,48.03,13.56,23.26,48.8,13.9,48.79,12.08,41.17,40.75,21.39,26.08,45.92,44.45,29.01,11.55,24.83,29.05,44.53,0.0,2.59,38.54,28.13,34.52,16.27,45.33,50.66,49.38,27.14,27.14,34.66,29.39,13.8,50.88,32.22,24.62,51.31,25.58,16.07,49.51,24.07,47.93,30.4,27.14,73.96,49.61,72.87,31.88,32.79,37.69,36.91,36.79,28.08,43.04,31.64,26.35,0.0,50.66,32.24,34.71,34.95,36.19,52.6,39.49,17.68,32.13,24.8,22.72,9.46,50.41,50.41,31.67,11.53,36.79,39.29,17.71,39.49,39.29,24.07,36.79,33.41,30.5,34.71,52.59,65.5,24.8,49.61,13.8,25.49,24.62,33.85,24.8,47.8,34.06,34.71,22.72,52.07,9.33,9.33,52.6,25.49,54.01,19.62,25.49,10.08,22.72,34.62,32.19
Boteco 86,37.24,30.45,31.3,49.96,41.82,46.15,41.65,39.71,16.63,52.93,51.11,47.92,52.27,29.02,48.18,23.17,25.64,48.52,12.45,17.5,49.29,16.1,49.28,10.98,35.41,41.23,22.65,27.34,46.41,44.94,29.49,13.74,19.07,29.54,45.02,2.59,0.0,37.54,35.27,41.76,17.68,46.73,57.9,56.62,34.41,34.41,43.12,28.4,15.21,58.13,31.22,23.62,58.56,24.58,15.07,56.75,23.07,55.17,31.81,34.41,81.21,56.85,71.87,30.88,31.79,36.69,44.15,44.03,27.08,42.04,30.64,33.63,2.47,57.9,40.71,43.18,42.2,35.2,59.85,40.89,19.09,39.28,31.94,24.12,10.86,57.66,57.66,38.82,16.35,44.03,38.29,16.71,40.89,38.29,23.07,44.03,41.88,29.51,43.18,59.83,72.75,31.94,56.85,15.21,32.63,23.62,42.32,31.94,55.05,42.52,43.18,24.12,59.31,8.33,8.33,59.85,32.63,61.26,18.62,32.63,9.08,24.12,41.87,33.59
Botequim Buritis,73.18,24.76,44.33,41.9,77.76,82.08,36.73,37.58,44.22,61.99,87.04,83.85,88.2,37.9,36.39,31.52,21.99,65.92,40.76,25.94,85.22,44.77,50.22,35.94,23.62,36.32,30.39,35.08,82.34,80.87,44.25,48.01,23.79,65.47,43.96,38.54,37.54,0.0,30.95,65.21,50.61,83.61,81.35,80.07,36.78,36.78,70.19,22.18,51.74,81.58,32.04,40.3,82.01,38.37,23.46,80.21,25.98,78.62,66.26,36.78,104.66,80.3,32.7,24.18,54.14,0.61,67.6,67.48,20.14,34.81,52.99,36.0,42.44,81.35,67.78,70.25,65.65,27.96,83.3,75.35,51.39,36.12,32.48,62.46,45.34,81.11,81.11,38.49,43.05,67.48,32.07,25.11,75.35,32.07,25.98,67.48,68.94,22.8,70.25,83.28,96.2,32.48,80.3,51.74,33.46,40.3,69.38,32.48,78.5,45.85,70.25,62.46,82.76,32.38,32.38,83.3,33.46,84.71,34.93,33.46,36.48,62.46,65.32,68.05
Botequim de Lourdes,35.33,9.55,3.33,8.07,53.27,44.24,11.12,9.18,41.24,28.45,49.2,46.01,50.36,44.4,59.19,34.73,36.62,32.38,33.41,29.64,47.38,41.79,16.18,29.59,46.42,10.71,11.19,6.28,43.91,43.02,6.54,37.06,27.71,27.63,5.93,28.13,35.27,30.95,0.0,30.27,29.62,48.67,46.41,45.13,9.03,9.03,19.13,9.45,30.75,30.96,3.89,45.59,47.07,46.55,24.91,41.39,8.34,28.09,44.94,9.03,66.62,45.36,16.47,45.65,7.76,30.52,32.66,35.48,16.64,52.4,6.6,8.25,26.22,46.41,16.72,19.19,30.71,46.72,29.66,54.02,40.83,10.11,4.08,48.18,30.03,46.17,46.17,9.64,39.81,35.48,13.43,26.86,54.02,13.43,8.34,35.48,17.89,44.27,19.19,44.46,57.38,4.08,45.36,30.75,4.85,45.59,18.33,4.08,43.55,15.14,19.19,48.18,22.31,24.79,24.79,29.66,4.85,49.77,40.59,4.85,36.98,48.18,37.25,46.72
Buteco do Lili,12.52,33.94,27.59,30.51,33.4,21.43,37.38,34.91,47.73,32.37,26.39,23.2,27.55,57.55,76.71,51.7,54.17,27.96,40.96,46.03,24.57,48.28,29.83,39.49,63.94,36.92,40.1,29.99,23.28,20.22,25.78,40.82,47.6,0.47,25.57,34.52,41.76,65.21,30.27,0.0,29.52,25.34,23.08,21.8,23.02,23.02,28.65,42.22,30.65,32.01,28.03,51.77,23.73,52.73,43.19,23.74,33.0,29.05,24.13,23.02,55.09,22.03,35.38,59.0,22.64,64.81,9.33,5.69,40.91,70.16,22.59,22.24,29.24,23.08,26.24,28.71,7.37,63.31,33.73,34.52,40.74,28.34,27.84,27.37,29.94,22.83,22.83,30.47,36.96,5.69,32.86,44.83,34.52,32.86,33.0,5.69,27.41,57.62,28.71,20.88,28.9,27.84,22.03,30.65,24.06,51.77,27.85,27.84,20.22,31.4,28.71,27.37,33.19,36.48,36.48,33.73,24.06,26.43,46.77,24.06,37.23,27.37,11.18,25.91
Buteco do Rod,37.04,28.08,28.93,49.72,28.68,33.38,39.28,37.34,21.52,52.7,38.34,37.66,39.5,42.94,62.11,37.09,39.56,48.29,26.35,31.42,36.52,20.99,49.05,24.88,49.33,38.86,24.53,29.22,46.18,32.17,27.13,17.88,32.99,29.33,33.43,16.27,17.68,50.61,29.62,29.52,0.0,33.28,36.7,49.08,30.72,30.72,38.24,29.7,5.63,50.58,32.21,38.75,51.01,39.71,30.17,49.21,24.37,47.63,18.35,30.72,73.66,49.31,40.16,45.99,30.34,51.8,36.61,21.46,28.39,57.15,30.04,29.94,16.22,36.7,35.83,38.3,34.65,50.3,52.3,27.44,16.39,35.72,28.38,12.32,7.75,38.36,38.36,35.26,17.78,21.46,37.12,31.81,27.44,37.12,24.37,21.46,36.99,44.61,38.3,52.29,65.2,28.38,49.31,5.63,29.07,38.75,37.44,28.38,37.67,37.65,38.3,12.32,51.77,23.46,23.46,52.3,29.07,53.72,33.75,29.07,24.21,12.32,18.8,20.14
Buteco Tô D’Boa,16.76,52.34,45.99,48.91,10.29,10.27,55.78,53.31,46.44,52.81,16.79,6.78,18.49,75.95,95.11,70.1,72.57,48.4,59.36,64.43,16.19,45.91,48.23,57.89,82.34,55.32,55.11,48.39,17.41,13.43,44.18,42.79,66.0,25.15,43.97,45.33,46.73,83.61,48.67,25.34,33.28,0.0,4.79,22.47,41.66,41.66,47.29,60.86,32.44,50.65,46.67,70.41,23.16,62.87,61.83,22.9,51.64,47.69,16.29,41.66,73.73,13.24,54.02,77.64,41.28,83.45,20.4,20.42,59.55,88.8,41.23,40.88,47.88,4.79,44.88,47.35,18.45,81.95,52.37,10.2,36.28,46.97,46.47,22.37,34.19,5.04,5.04,49.11,40.77,20.42,51.49,63.47,10.2,51.49,51.64,20.42,46.04,76.26,47.35,20.04,19.77,46.47,13.24,32.44,42.7,70.41,46.48,46.47,5.33,50.04,47.35,22.37,51.83,55.12,55.12,52.37,42.7,17.14,65.41,42.7,55.87,22.37,23.1,13.08
Buteco’s Bar,14.5,50.08,43.73,46.65,12.98,5.26,53.52,51.05,49.86,50.55,11.79,1.77,13.48,73.69,92.85,67.84,70.31,46.14,57.1,62.17,13.25,49.33,45.97,55.63,80.08,53.06,56.24,46.13,15.15,10.5,41.92,46.21,63.74,22.89,41.71,50.66,57.9,81.35,46.41,23.08,36.7,4.79,0.0,17.45,39.14,39.14,44.78,58.35,35.9,48.13,44.15,67.89,14.63,68.86,59.31,17.87,49.13,45.18,19.74,39.14,71.21,8.64,51.5,75.13,38.76,80.94,17.89,17.91,57.04,86.29,38.72,38.36,45.36,0.0,42.37,44.83,15.93,79.44,49.85,12.93,39.73,44.46,43.96,25.82,37.64,0.25,0.25,46.59,44.23,17.91,48.98,60.96,12.93,48.98,49.13,17.91,43.53,73.75,44.83,15.01,12.95,43.96,8.64,35.9,40.19,67.89,43.97,43.96,2.84,47.52,44.83,25.82,49.32,52.61,52.61,49.85,40.19,11.77,62.89,40.19,53.36,25.82,20.58,16.54
Butiquim On Cê Tá?,13.22,48.8,42.45,45.37,29.27,16.42,52.24,49.77,62.59,49.27,22.02,19.22,23.18,72.41,91.57,66.56,69.03,44.86,55.82,60.89,11.1,63.14,44.69,54.34,78.8,51.78,54.95,44.85,12.07,9.8,40.64,55.68,62.46,21.61,40.43,49.38,56.62,80.07,45.13,21.8,49.08,22.47,17.45,0.0,43.74,43.74,43.24,62.95,51.38,39.96,48.75,72.49,13.04,73.46,63.91,14.89,53.73,36.06,35.13,43.74,63.04,16.63,56.1,79.73,43.36,85.54,22.49,22.51,61.64,90.89,43.32,42.96,49.96,17.6,41.81,43.83,20.53,84.04,41.68,29.04,51.94,49.06,48.56,40.16,50.66,17.35,17.35,51.19,57.68,22.51,53.58,65.56,29.04,53.58,53.73,22.51,43.1,78.35,43.83,12.03,23.51,48.56,16.63,51.38,44.79,72.49,43.42,48.56,14.74,47.86,43.83,40.16,40.2,57.21,57.21,41.68,44.79,21.04,67.49,44.79,57.96,40.16,25.18,31.92
Café Bahia,30.54,12.7,4.95,9.82,51.42,39.44,14.05,12.12,40.38,21.25,44.4,41.21,45.56,43.54,65.37,33.87,42.79,25.18,32.55,43.49,42.58,40.92,11.21,28.73,52.59,13.64,14.34,8.75,36.71,38.23,5.86,36.07,45.05,22.83,4.92,27.14,34.41,36.78,9.03,23.02,30.72,41.66,39.14,43.74,0.0,0.0,12.17,15.05,33.68,27.05,9.14,50.15,42.96,51.11,30.17,37.47,13.6,24.18,49.22,0.0,62.71,41.26,12.36,61.75,4.34,43.48,28.56,31.37,26.99,72.37,7.26,4.22,45.13,42.31,9.76,12.23,26.6,65.52,25.75,53.75,43.77,5.32,5.73,52.46,32.96,42.06,42.06,5.07,44.37,31.37,9.41,32.11,53.75,9.41,13.6,31.37,10.93,60.37,12.23,40.55,53.47,5.73,41.26,33.68,4.83,50.15,10.89,5.73,39.45,8.93,12.23,52.46,16.93,29.35,29.35,25.75,4.83,45.66,45.15,4.83,41.54,52.46,34.99,51.0
Café Palhares,30.54,12.7,4.95,9.82,51.42,39.44,14.05,12.12,40.38,21.25,44.4,41.21,45.56,43.54,65.37,33.87,42.79,25.18,32.55,43.49,42.58,40.92,11.21,28.73,52.59,13.64,14.34,8.75,36.71,38.23,5.86,36.07,45.05,22.83,4.92,27.14,34.41,36.78,9.03,23.02,30.72,41.66,39.14,43.74,0.0,0.0,12.17,15.05,33.68,27.05,9.14,50.15,42.96,51.11,30.17,37.47,13.6,24.18,49.22,0.0,62.71,41.26,12.36,61.75,4.34,43.48,28.56,31.37,26.99,72.37,7.26,4.22,45.13,42.31,9.76,12.23,26.6,65.52,25.75,53.75,43.77,5.32,5.73,52.46,32.96,42.06,42.06,5.07,44.37,31.37,9.41,32.11,53.75,9.41,13.6,31.37,10.93,60.37,12.23,40.55,53.47,5.73,41.26,33.68,4.83,50.15,10.89,5.73,39.45,8.93,12.23,52.46,16.93,29.35,29.35,25.75,4.83,45.66,45.15,4.83,41.54,52.46,34.99,51.0
Camisola Bar,33.41,22.8,16.45,13.0,57.05,45.08,21.92,20.81,49.09,5.96,45.57,46.85,44.44,52.25,74.08,42.58,51.51,18.58,41.26,51.0,37.02,49.64,4.75,37.44,61.31,23.94,24.52,18.85,31.69,36.94,14.64,43.59,52.57,28.47,11.57,34.66,43.12,70.19,19.13,28.65,38.24,47.29,44.78,43.24,12.17,12.17,0.0,34.48,53.95,16.7,20.29,56.33,35.79,57.29,43.05,29.67,25.26,13.83,56.66,15.07,54.9,46.17,24.32,82.34,12.87,53.09,33.56,37.03,33.17,93.5,14.42,14.29,52.57,50.68,2.59,2.08,34.97,86.65,15.4,62.12,64.04,14.92,20.09,59.91,53.24,50.43,50.43,14.49,60.29,37.03,21.78,68.16,62.12,21.78,25.26,37.03,1.82,80.96,2.08,32.75,45.67,20.09,46.17,53.95,13.12,56.33,3.56,20.09,47.82,7.16,2.08,59.91,4.3,35.53,35.53,15.4,13.12,43.68,51.33,13.12,60.56,59.91,40.65,58.45
Canela Amarela,49.74,5.02,12.08,17.61,54.82,58.65,15.89,13.95,34.36,40.66,63.61,60.42,64.77,37.52,45.82,27.85,23.24,44.59,26.53,25.04,61.79,34.91,33.11,22.71,33.04,15.48,9.98,8.77,56.12,57.43,22.92,38.15,23.11,42.04,14.68,29.39,28.4,22.18,9.45,42.22,29.7,60.86,58.35,62.95,15.05,15.05,34.48,0.0,30.99,38.87,8.59,43.11,62.22,44.07,23.87,49.3,8.41,36.0,45.52,16.94,84.87,60.51,18.49,35.7,15.66,20.37,47.82,47.7,6.51,38.41,14.51,16.16,26.72,61.57,24.63,27.1,45.86,31.56,37.57,54.61,41.08,17.58,11.99,41.72,30.28,61.32,61.32,16.68,37.33,47.7,15.45,25.81,54.61,15.45,8.41,47.7,25.8,34.32,27.1,52.37,65.29,11.99,60.51,30.99,12.76,43.11,26.24,11.99,58.71,23.05,27.1,41.72,30.22,22.31,22.31,37.57,12.76,64.92,38.11,12.76,34.5,41.72,45.53,47.3
Cantina Arte Quintal,38.17,29.21,30.07,50.86,28.87,47.08,40.41,38.47,14.92,53.83,52.04,37.85,53.2,44.07,63.24,38.22,40.7,49.42,27.48,32.55,50.21,14.38,50.18,26.01,50.46,39.99,25.66,30.35,47.31,45.86,28.26,11.27,34.12,30.47,34.56,13.8,15.21,51.74,30.75,30.65,5.63,32.44,35.9,51.38,33.68,33.68,53.95,30.99,0.0,51.45,33.08,39.62,51.88,40.58,31.04,50.08,25.24,48.5,18.42,31.59,74.53,50.17,41.03,46.85,31.21,52.66,37.48,28.1,29.26,58.01,30.9,30.81,17.09,36.76,36.69,39.16,35.52,51.16,53.17,27.5,12.99,36.58,29.25,11.67,4.13,38.42,38.42,36.12,11.93,28.1,37.99,32.68,27.5,37.99,25.24,28.1,37.86,45.47,39.16,53.15,66.07,29.25,50.17,0.0,29.94,39.62,38.3,29.25,37.73,38.51,39.16,11.67,52.64,24.33,24.33,53.17,29.94,54.58,34.62,29.94,25.08,11.67,25.45,20.2
Cantinho da Baiana,30.14,34.63,28.27,26.49,60.41,48.43,35.99,36.68,64.09,15.85,42.29,50.2,41.16,73.92,93.08,68.06,70.54,1.58,57.33,62.39,33.74,64.64,21.29,55.85,80.31,38.2,36.35,30.68,28.42,33.66,26.47,57.19,63.96,31.82,26.45,50.88,58.13,81.58,30.96,32.01,50.58,50.65,48.13,39.96,27.05,27.05,16.7,38.87,51.45,0.0,31.7,71.87,32.56,72.83,63.29,26.44,36.67,5.48,53.43,26.48,35.54,42.93,38.84,79.1,28.26,66.38,30.33,33.79,44.58,90.26,28.87,25.7,49.34,47.44,18.32,18.1,31.74,83.41,1.58,58.89,60.81,31.8,31.5,56.67,50.0,47.19,47.19,34.46,57.05,33.79,36.82,64.93,58.89,36.82,36.67,33.79,20.07,77.72,18.1,29.52,42.43,31.5,42.93,50.72,32.19,71.87,21.34,31.5,44.58,22.58,18.1,56.67,14.48,46.94,46.94,1.58,32.19,40.45,66.87,32.19,57.33,56.67,37.42,55.21
Casa da Madrinha,35.55,5.01,5.82,10.92,56.43,44.45,14.45,12.51,37.18,26.46,49.41,46.22,50.57,40.34,56.75,30.67,34.18,30.39,29.35,27.2,47.59,37.73,18.91,25.54,43.98,14.03,5.41,1.31,41.93,43.24,7.04,40.98,25.27,27.84,8.77,32.22,31.22,32.04,3.89,28.03,32.21,46.67,44.15,48.75,9.14,9.14,20.29,8.59,33.08,31.7,0.0,40.53,48.74,41.5,22.68,43.06,6.11,29.76,42.9,12.09,68.29,47.03,16.17,43.42,9.47,35.28,34.33,37.15,14.4,50.17,8.32,11.31,29.12,48.08,18.39,20.86,32.38,44.48,31.33,51.98,38.46,12.45,5.87,39.1,27.66,47.84,47.84,11.97,34.75,37.15,13.13,24.62,51.98,13.13,6.11,37.15,19.56,42.04,20.86,46.13,59.05,5.87,47.03,28.37,6.64,40.53,20.0,5.87,45.22,16.92,20.86,39.1,23.98,19.74,19.74,31.33,6.64,51.44,35.53,6.64,31.93,39.1,35.52,44.68
Cervejaria Pajé,59.29,41.33,46.58,55.63,59.89,68.19,70.27,71.11,18.02,62.5,73.15,69.96,74.31,5.38,39.19,16.65,18.41,70.56,24.28,21.12,71.33,18.57,54.96,22.8,30.23,69.85,34.8,39.49,68.45,66.98,44.77,19.24,22.69,51.58,49.55,24.62,23.62,40.3,45.59,51.77,38.75,70.41,67.89,72.49,50.15,50.15,56.33,43.11,39.62,71.87,40.53,0.0,73.91,3.1,18.82,72.11,46.31,70.53,56.32,57.65,96.56,72.21,76.19,35.2,55.03,41.01,59.51,59.39,50.32,35.74,53.88,56.87,29.71,73.26,63.95,66.42,57.55,25.77,75.2,65.4,27.17,62.52,55.18,44.25,37.22,73.01,73.01,62.06,22.78,59.39,48.4,20.47,65.4,48.4,46.31,59.39,65.12,33.82,66.42,75.19,88.1,55.18,72.21,32.77,55.87,0.0,65.56,55.18,70.4,65.76,66.42,44.25,69.54,23.69,23.69,75.2,55.87,76.61,5.81,55.87,25.09,44.25,57.22,58.1
Chapa Mágica,15.15,50.74,44.38,47.31,29.95,11.82,54.18,51.7,64.52,35.67,12.44,15.02,11.94,74.34,93.51,68.49,70.97,31.26,57.76,62.82,1.79,65.07,46.63,56.28,80.74,53.71,56.89,46.79,5.22,5.01,42.57,57.62,64.39,23.55,42.36,51.31,58.56,82.01,47.07,23.73,51.01,23.16,14.63,13.04,42.96,42.96,35.79,62.22,51.88,32.56,48.74,73.91,0.0,72.24,62.7,7.16,52.51,28.33,32.74,42.53,55.31,10.11,54.89,78.51,42.15,84.32,21.27,21.3,60.42,89.67,42.1,41.75,48.75,14.28,34.08,36.1,19.32,82.82,33.95,26.66,50.72,47.85,47.34,38.95,49.45,14.53,14.53,49.98,56.46,21.3,52.36,64.34,26.66,52.36,52.51,21.3,35.36,77.13,36.1,5.57,14.39,47.34,10.11,50.16,43.57,71.28,35.69,47.34,13.99,40.13,36.1,38.95,32.47,55.99,55.99,33.95,43.57,11.92,66.28,43.57,56.74,38.95,23.97,29.53
Choperia América Norte Sul,60.25,42.29,47.54,56.6,59.3,69.15,68.34,69.18,17.43,63.47,74.11,70.93,75.27,6.84,37.26,17.61,16.48,71.52,25.24,19.19,72.29,17.98,55.92,23.77,28.3,67.92,35.76,40.45,69.41,67.94,45.73,18.65,20.76,52.54,50.51,25.58,24.58,38.37,46.55,52.73,39.71,62.87,68.86,73.46,51.11,51.11,57.29,44.07,40.58,72.83,41.5,3.1,72.24,0.0,17.74,75.42,36.59,65.61,58.46,47.93,99.87,75.51,75.11,34.12,45.32,39.93,62.82,62.69,40.61,34.66,44.16,47.15,37.65,76.56,54.23,56.7,60.86,24.69,78.51,67.55,29.32,52.8,45.47,46.4,40.55,76.32,76.32,52.34,24.93,62.69,47.32,19.39,67.55,47.32,36.59,62.69,55.4,32.74,56.7,78.49,91.41,45.47,75.51,46.95,46.16,6.14,55.84,45.47,73.71,56.04,56.7,46.4,59.83,25.83,25.83,78.51,46.16,79.92,5.91,46.16,19.83,46.4,60.53,60.25
Chopp da Esquina,50.71,19.87,26.84,31.95,55.29,59.61,53.43,54.27,21.75,49.22,64.57,61.38,65.73,14.87,34.96,9.05,6.22,61.98,8.74,4.28,62.75,22.3,41.68,6.78,22.19,53.02,16.95,21.64,59.87,58.4,31.49,25.54,5.85,43.0,36.27,16.07,15.07,23.46,24.91,43.19,30.17,61.83,59.31,63.91,30.17,30.17,43.05,23.87,31.04,63.29,22.68,18.82,62.7,17.74,0.0,57.62,22.87,56.04,43.68,34.22,82.08,57.72,34.18,24.78,31.6,30.59,45.02,44.9,18.37,31.53,30.44,33.43,15.23,58.77,40.52,42.99,43.07,25.85,60.72,52.77,28.83,31.71,31.75,48.06,22.74,58.52,58.52,31.23,20.49,44.9,31.14,2.1,52.77,31.14,22.87,44.9,41.68,23.4,42.99,60.7,73.62,31.75,57.72,29.15,32.44,20.64,42.12,31.75,55.91,42.33,42.99,48.06,60.18,9.82,9.82,60.72,32.44,62.13,15.27,32.44,13.92,48.06,42.74,45.46
Companhia do Dino,15.16,45.05,38.7,41.82,29.69,16.43,48.69,47.1,62.72,29.55,17.98,19.65,16.85,72.54,91.71,66.69,69.16,25.14,55.95,61.02,8.67,63.27,34.47,54.48,78.93,48.63,46.77,41.1,4.18,8.59,36.89,55.81,62.59,23.55,36.87,49.51,56.75,80.21,41.39,23.74,49.21,22.9,17.87,14.89,37.47,37.47,29.67,49.3,50.08,26.44,43.06,72.11,7.16,75.42,57.62,0.0,45.9,23.52,35.73,35.71,50.5,16.04,48.07,74.69,37.5,80.5,17.67,23.11,53.81,85.85,38.11,34.93,44.93,18.1,29.27,31.29,21.13,79.0,29.14,29.64,56.4,41.03,40.74,40.76,45.59,17.95,17.95,43.69,52.64,23.11,46.08,60.52,29.64,46.08,45.9,23.11,30.56,73.31,31.29,3.44,24.83,40.74,16.04,46.31,41.42,67.45,30.88,40.74,15.34,35.32,31.29,40.76,27.66,52.17,52.17,29.14,41.42,16.96,62.45,41.42,52.92,40.76,25.78,32.52
Conectados Bar,40.52,4.13,10.28,15.38,49.49,49.42,16.78,14.84,29.03,31.44,54.39,51.2,55.55,32.19,54.02,22.52,31.45,35.37,21.2,26.23,52.56,29.58,23.89,17.39,41.25,16.37,0.0,5.07,46.9,48.21,11.5,32.83,21.0,32.81,13.23,24.07,23.07,25.98,8.34,33.0,24.37,51.64,49.13,53.73,13.6,13.6,25.26,8.41,25.24,36.67,6.11,46.31,52.51,36.59,22.87,45.9,0.0,33.48,40.19,14.34,79.54,55.19,18.44,37.68,13.19,29.55,42.49,42.37,8.67,44.43,12.04,13.56,21.39,56.24,22.11,24.58,40.53,38.75,35.05,49.28,37.35,15.97,9.39,36.39,24.95,55.99,55.99,15.49,29.02,42.37,15.4,18.89,49.28,15.4,0.0,42.37,23.28,36.3,24.58,49.85,62.77,9.39,55.19,25.66,10.16,34.8,23.72,9.39,53.38,20.45,24.58,36.39,27.7,14.0,14.0,35.05,10.16,59.59,29.8,10.16,26.19,36.39,40.2,41.97
COSMOS,26.24,31.76,25.41,23.62,57.45,42.32,32.24,31.13,61.14,12.98,38.39,47.25,37.27,61.21,90.12,51.54,67.58,4.18,54.37,59.44,29.84,61.69,18.42,52.9,77.35,35.33,33.48,27.81,24.52,29.76,23.6,54.23,61.01,28.87,23.58,47.93,55.17,78.62,28.09,29.05,47.63,47.69,45.18,36.06,24.18,24.18,13.83,36.0,48.5,5.48,29.76,70.53,28.33,65.61,56.04,23.52,33.48,0.0,51.3,24.35,36.84,40.8,35.75,76.97,26.13,64.25,28.2,31.66,42.45,88.13,26.74,23.57,47.21,45.31,16.19,15.97,29.61,81.28,1.66,56.76,58.68,29.67,29.37,54.54,47.87,45.06,45.06,32.33,54.92,31.66,33.21,62.8,56.76,33.21,34.54,31.66,17.94,75.59,15.97,27.38,40.3,29.37,40.8,48.59,30.06,69.73,19.21,29.37,42.45,20.45,15.97,54.54,12.35,44.81,44.81,1.66,30.06,38.32,64.73,30.06,55.2,54.54,35.28,53.08
Deck Boi na Brasa,25.88,43.74,40.77,53.57,12.71,25.18,51.11,49.17,31.52,56.54,31.71,21.69,33.4,58.6,77.76,52.75,55.22,52.13,42.01,47.08,31.71,30.99,52.89,40.54,64.99,50.7,40.19,44.65,32.68,29.19,38.96,27.87,48.65,23.66,48.62,30.4,31.81,66.26,44.94,24.13,18.35,16.29,19.74,35.13,49.22,49.22,56.66,45.52,18.42,53.43,42.9,56.32,32.74,58.46,43.68,35.73,40.19,51.3,0.0,40.52,75.74,30.98,49.96,59.34,43.42,65.15,22.14,19.04,41.74,70.5,39.83,39.73,29.57,22.53,45.62,48.09,20.18,63.65,54.38,13.27,20.94,45.51,38.18,7.03,18.85,24.19,24.19,45.05,25.43,19.04,46.92,45.16,13.27,46.92,37.72,19.04,46.79,57.96,48.09,35.66,37.51,38.18,30.98,17.1,38.87,48.12,47.23,38.18,23.5,47.44,48.09,7.03,53.84,36.81,36.81,54.38,38.87,34.88,53.14,38.87,37.56,7.03,16.38,5.97
Dona Dora,30.54,12.7,4.95,9.82,51.42,39.44,14.05,12.12,40.38,21.25,44.4,41.21,45.56,43.54,65.37,33.87,42.79,25.18,32.55,43.49,42.58,40.92,11.21,28.73,52.59,13.64,14.34,8.75,36.71,38.23,5.86,36.07,45.05,22.83,4.92,27.14,34.41,36.78,9.03,23.02,30.72,41.66,39.14,43.74,0.0,0.0,15.07,16.94,31.59,26.48,12.09,57.65,42.53,47.93,34.22,35.71,14.34,24.35,40.52,0.0,62.71,41.26,12.36,61.75,4.34,43.48,28.56,31.37,26.99,72.37,7.26,4.22,45.13,42.31,9.76,12.23,26.6,65.52,25.75,53.75,43.77,5.32,5.73,52.46,32.96,42.06,42.06,5.07,44.37,31.37,9.41,32.11,53.75,9.41,13.6,31.37,10.93,60.37,12.23,40.55,53.47,5.73,41.26,33.68,4.83,50.15,10.89,5.73,39.45,8.93,12.23,52.46,16.93,29.35,29.35,25.75,4.83,45.66,45.15,4.83,41.54,52.46,34.99,51.0
Dona Ju Gastro Bar,53.22,70.29,63.93,67.05,83.49,71.51,73.92,72.34,87.17,49.73,65.37,73.28,64.24,97.0,116.16,91.14,93.62,35.9,80.41,85.47,56.82,87.72,59.7,78.93,103.39,73.86,79.54,66.34,51.49,56.74,62.12,80.27,87.04,54.9,62.11,73.96,81.21,104.66,66.62,55.09,73.66,73.73,71.21,63.04,62.71,62.71,54.9,84.87,74.53,35.54,68.29,96.56,55.31,99.87,82.08,50.5,79.54,36.84,75.74,62.71,0.0,58.33,68.72,91.04,55.98,96.85,42.27,45.74,73.2,102.2,55.93,55.58,61.28,59.38,46.25,48.26,43.68,95.35,27.45,70.83,72.75,61.68,57.71,68.61,61.95,59.14,59.14,63.81,69.0,45.74,66.2,76.87,70.83,66.2,62.88,45.74,47.53,89.66,48.26,45.32,58.23,57.71,58.33,62.66,57.4,83.81,47.85,57.71,56.53,52.3,48.26,68.61,44.63,68.52,68.52,27.45,57.4,56.25,78.81,57.4,69.27,68.61,49.36,67.15
Dona Suica,13.45,49.03,42.68,45.6,21.09,5.4,52.47,50.0,62.82,46.04,4.96,9.03,6.12,72.64,91.8,66.79,69.26,41.63,56.05,61.12,11.2,63.37,44.92,54.58,79.03,52.01,55.19,45.08,13.93,8.45,40.87,55.91,62.69,21.84,40.66,49.61,56.85,80.3,45.36,22.03,49.31,13.24,8.64,16.63,41.26,41.26,46.17,60.51,50.17,42.93,47.03,72.21,10.11,75.51,57.72,16.04,55.19,40.8,30.98,41.26,58.33,0.0,52.37,76.0,39.63,81.8,18.76,18.78,57.9,87.16,39.58,39.23,46.23,8.62,43.23,47.05,16.8,80.31,50.72,21.07,48.21,45.33,44.83,36.43,46.93,8.87,8.87,47.46,53.95,18.78,49.85,61.82,21.07,49.85,49.99,18.78,44.4,74.62,47.05,14.77,8.5,44.83,0.0,47.64,41.05,68.76,44.84,44.83,11.6,48.39,47.05,36.43,43.42,53.47,53.47,50.72,41.05,6.03,63.76,41.05,54.22,36.43,21.45,29.38
Ember BBQ,42.9,16.8,11.78,9.93,63.78,51.8,2.89,6.64,78.55,26.76,56.76,53.57,57.92,72.23,71.64,65.85,58.17,37.54,39.5,60.27,54.94,79.1,18.32,35.69,51.1,0.0,18.44,15.76,49.07,50.59,14.99,82.34,34.97,35.19,11.99,72.87,71.87,32.7,16.47,35.38,40.16,54.02,51.5,56.1,12.36,12.36,24.32,18.49,41.03,38.84,16.17,76.19,54.89,75.11,34.18,48.07,18.44,35.75,49.96,12.36,68.72,52.37,0.0,53.73,12.98,35.47,39.31,42.12,33.18,64.36,13.58,12.86,40.75,53.06,19.48,22.17,37.35,57.51,36.9,59.78,80.94,6.67,11.83,53.94,39.28,52.81,52.81,9.04,72.6,42.12,2.63,54.66,59.78,2.63,16.37,42.12,20.65,52.36,22.17,51.71,64.62,11.83,52.01,39.99,10.92,69.85,20.43,11.83,50.2,16.41,22.17,53.94,26.01,29.99,29.99,36.9,10.92,56.41,64.48,10.92,66.03,53.94,43.02,52.48
Espetinho do Boi,66.52,40.61,47.58,59.32,71.1,75.43,54.15,54.99,37.56,82.21,80.39,77.2,81.55,31.24,14.87,24.86,17.19,77.8,34.11,19.28,78.57,38.11,78.56,32.63,0.0,53.73,37.68,42.37,75.69,74.21,52.22,41.36,20.73,58.82,74.29,31.88,30.88,24.18,45.65,59.0,45.99,77.64,75.13,79.73,61.75,61.75,82.34,35.7,46.85,79.1,43.42,35.2,78.51,34.12,24.78,74.69,37.68,76.97,59.34,61.75,91.04,76.0,53.73,0.0,49.98,22.77,66.33,66.21,27.71,10.46,48.82,51.81,41.17,80.08,58.89,61.36,64.38,7.76,82.03,74.08,50.12,54.52,44.62,61.19,44.07,79.83,79.83,56.89,41.78,66.21,50.47,23.83,74.08,50.47,41.25,66.21,60.06,5.43,61.36,82.01,94.93,44.62,79.03,50.46,45.39,30.23,60.5,44.62,77.22,60.7,61.36,61.19,81.49,31.1,31.1,82.03,45.39,83.44,24.86,45.39,35.21,61.19,64.05,66.77
Espetinhos do Paulão,30.16,11.42,3.26,9.62,51.04,39.06,13.4,11.46,37.76,23.03,44.02,40.83,45.18,40.92,62.75,31.25,40.18,26.96,29.93,34.96,42.2,38.31,11.55,26.11,49.98,12.98,13.19,7.47,38.49,37.85,3.0,41.55,32.56,22.45,4.72,32.79,31.79,54.14,7.76,22.64,30.34,41.28,38.76,43.36,4.34,4.34,12.87,15.66,31.21,28.26,9.47,55.03,42.15,45.32,31.6,37.5,13.19,26.13,43.42,4.34,55.98,39.63,12.98,49.98,0.0,43.86,28.62,33.89,22.06,59.42,2.29,3.96,29.46,42.37,12.68,15.15,26.66,52.19,25.62,48.5,38.8,9.16,1.83,42.65,27.99,42.12,42.12,8.7,39.44,33.89,10.57,33.88,48.5,10.57,10.12,33.89,13.84,51.3,15.15,40.42,53.34,1.83,41.32,28.71,2.51,45.22,14.28,1.83,39.51,14.49,15.15,42.65,18.27,24.42,24.42,25.62,2.51,45.73,40.22,2.51,36.61,42.65,31.73,41.2
Espettinho.com,72.33,23.91,43.48,41.06,76.91,81.24,35.89,36.73,43.37,61.14,86.2,83.01,87.36,37.05,35.55,30.67,21.14,65.07,39.92,25.09,84.38,43.92,49.37,35.1,22.77,35.47,29.55,34.24,81.5,80.02,43.41,47.16,22.94,64.63,43.12,37.69,36.69,0.61,30.52,64.81,51.8,83.45,80.94,85.54,43.48,43.48,53.09,20.37,52.66,66.38,35.28,41.01,84.32,39.93,30.59,80.5,29.55,64.25,65.15,43.48,96.85,81.8,35.47,22.77,43.86,0.0,67.92,67.8,20.45,35.12,53.3,36.31,42.76,81.67,68.09,70.56,65.96,28.27,83.61,75.66,51.7,36.43,32.79,62.77,45.66,81.42,81.42,38.8,43.37,67.8,32.39,25.42,75.66,32.39,26.29,67.8,69.26,23.12,70.56,83.6,96.51,32.79,80.62,52.05,33.78,40.62,69.7,32.79,78.81,46.17,70.56,62.77,83.08,32.69,32.69,83.61,33.78,85.02,35.24,33.78,36.79,62.77,65.63,68.36
Fogão de Minas,3.33,36.33,29.98,32.9,30.16,18.19,39.77,37.3,50.12,33.44,23.15,19.96,24.31,59.94,79.1,54.09,56.56,29.03,43.35,48.42,21.33,50.67,32.22,41.88,66.33,39.31,42.49,32.38,20.04,16.97,28.17,43.21,49.99,9.14,27.96,36.91,44.15,67.6,32.66,9.33,36.61,20.4,17.89,22.49,28.56,28.56,33.56,47.82,37.48,30.33,34.33,59.51,21.27,62.82,45.02,17.67,42.49,28.2,22.14,28.56,42.27,18.76,39.31,66.33,28.62,67.92,0.0,6.88,46.01,75.56,27.69,27.33,34.64,16.48,29.75,31.77,2.08,68.71,29.62,27.93,46.11,33.43,32.93,26.7,35.31,16.24,16.24,35.57,42.35,6.88,37.95,50.23,27.93,37.95,38.1,6.88,31.03,63.02,31.77,14.28,22.31,32.93,15.43,36.02,29.16,57.17,31.36,32.93,13.62,36.49,31.77,26.7,28.14,41.88,41.88,29.62,29.16,19.84,52.17,29.16,42.63,26.7,10.51,25.24
Garagge Vintage,9.3,39.14,35.25,35.71,30.18,18.21,42.59,40.11,50.0,36.9,23.17,19.98,24.33,59.82,78.98,53.97,56.44,32.49,43.23,48.3,21.35,50.55,35.04,41.75,66.21,42.12,42.37,35.19,20.06,17.0,33.44,37.55,49.87,5.71,30.77,36.79,44.03,67.48,35.48,5.69,21.46,20.42,17.91,22.51,31.37,31.37,37.03,47.7,28.1,33.79,37.15,59.39,21.3,62.69,44.9,23.11,42.37,31.66,19.04,31.37,45.74,18.78,42.12,66.21,33.89,67.8,6.88,0.0,43.0,72.26,24.68,24.33,31.33,23.01,28.33,30.8,7.3,65.41,35.82,30.28,42.83,30.43,29.93,24.44,32.03,22.76,22.76,32.56,39.05,0.0,34.95,46.92,30.28,34.95,35.09,0.0,29.5,59.72,30.8,20.81,28.83,29.93,21.96,32.74,26.15,53.86,29.94,29.93,20.15,33.49,30.8,24.44,35.28,38.57,38.57,35.82,26.15,26.36,48.86,26.15,39.32,24.44,8.25,22.98
Geraldin da Cida,48.43,7.18,18.57,23.67,53.5,57.34,33.59,21.45,33.05,39.35,62.3,59.11,63.46,36.21,40.48,26.54,17.91,43.28,25.22,21.09,60.48,33.6,31.8,21.4,27.71,33.18,8.67,13.36,54.81,56.12,21.61,36.84,19.16,40.73,26.39,28.08,27.08,20.14,16.64,40.91,28.39,59.55,57.04,61.64,26.99,26.99,33.17,6.51,29.26,44.58,14.4,50.32,60.42,40.61,18.37,53.81,8.67,42.45,41.74,26.99,73.2,57.9,33.18,27.71,22.06,20.45,46.01,43.0,0.0,35.21,19.52,18.33,25.24,60.08,29.59,32.06,44.38,28.36,42.53,53.13,39.6,20.74,14.16,40.24,28.8,59.84,59.84,20.27,35.85,46.21,20.17,21.37,53.13,20.17,6.93,46.21,30.76,31.12,32.06,57.33,70.25,14.16,59.03,29.51,14.93,41.63,31.2,14.16,57.23,25.22,32.06,40.24,35.18,20.83,20.83,42.53,14.93,63.44,36.63,14.93,33.02,40.24,44.05,45.82
Golden Grill,77.68,47.36,54.33,69.94,82.26,86.59,64.77,65.62,48.72,93.37,91.55,88.36,92.71,31.78,5.25,36.02,28.35,88.96,45.27,30.44,89.73,49.27,89.72,34.26,10.46,64.36,44.43,49.12,86.85,85.37,58.97,52.52,31.89,69.98,72.0,43.04,42.04,34.81,52.4,70.16,57.15,88.8,86.29,90.89,72.37,72.37,93.5,38.41,58.01,90.26,50.17,35.74,89.67,34.66,31.53,85.85,44.43,88.13,70.5,72.37,102.2,87.16,64.36,10.46,59.42,35.12,75.56,72.26,35.21,0.0,57.92,60.91,50.27,89.18,68.0,70.46,73.48,11.62,91.13,83.18,59.22,71.38,53.72,70.29,53.17,88.94,88.94,73.75,50.88,75.31,67.34,32.94,83.18,67.34,50.35,75.31,69.16,13.56,70.46,91.11,104.03,53.72,88.13,59.57,54.49,35.52,69.6,53.72,86.32,69.8,70.46,70.29,90.59,40.2,40.2,91.13,54.49,92.54,30.14,54.49,44.31,70.29,73.15,75.88
Iracema Bar,30.11,10.27,3.65,13.78,50.99,39.01,13.99,12.06,36.6,23.64,43.98,40.79,45.14,39.76,61.59,30.09,39.02,27.57,28.77,33.8,42.15,37.15,13.1,24.96,48.82,13.58,12.04,6.32,39.1,37.8,0.0,40.4,31.41,22.4,7.69,31.64,30.64,52.99,6.6,22.59,30.04,41.23,38.72,43.32,7.26,7.26,14.42,14.51,30.9,28.87,8.32,53.88,42.1,44.16,30.44,38.11,12.04,26.74,39.83,7.26,55.93,39.58,13.58,48.82,2.29,53.3,27.69,24.68,19.52,57.92,0.0,5.08,29.01,41.92,12.23,14.69,26.21,51.74,25.16,48.05,38.34,10.54,3.21,42.2,27.54,41.67,41.67,10.08,38.98,33.44,11.95,33.43,48.05,11.95,11.5,33.44,13.39,50.84,14.69,39.97,52.88,3.21,40.87,28.26,3.9,44.77,13.83,3.21,39.06,14.03,14.69,42.2,17.82,23.97,23.97,25.16,3.9,45.27,39.77,3.9,36.16,42.2,31.28,40.74
Ivo Grill,29.75,11.92,4.17,9.04,50.64,38.66,13.27,11.33,39.59,20.47,43.62,40.43,44.78,42.75,64.58,33.09,42.01,24.4,31.76,42.7,41.8,40.14,10.42,27.95,51.81,12.86,13.56,7.97,35.93,37.45,5.08,35.29,44.27,22.05,4.14,26.35,33.63,36.0,8.25,22.24,29.94,40.88,38.36,42.96,4.22,4.22,14.29,16.16,30.81,25.7,11.31,56.87,41.75,47.15,33.43,34.93,13.56,23.57,39.73,4.22,55.58,39.23,12.86,51.81,3.96,36.31,27.33,24.33,18.33,60.91,5.08,0.0,45.91,43.09,10.54,13.01,27.38,66.31,26.53,54.54,44.55,6.1,6.52,53.25,33.75,42.84,42.84,5.86,45.15,32.15,10.19,32.89,54.54,10.19,14.38,32.15,11.71,61.15,13.01,41.33,54.25,6.52,42.04,34.46,5.61,50.93,11.67,6.52,40.23,9.71,13.01,53.25,17.72,30.14,30.14,26.53,5.61,46.45,45.93,5.61,42.33,53.25,35.78,51.79
Já To Inno,36.76,24.94,30.82,49.47,41.34,45.66,41.16,39.22,14.43,52.44,50.62,47.43,51.78,34.78,53.94,28.92,31.4,48.03,13.56,23.26,48.8,13.9,48.79,12.08,41.17,40.75,21.39,26.08,45.92,44.45,29.01,11.55,24.83,29.05,44.53,0.0,2.47,42.44,26.22,29.24,16.22,47.88,45.36,49.96,45.13,45.13,52.57,26.72,17.09,49.34,29.12,29.71,48.75,37.65,15.23,44.93,21.39,47.21,29.57,45.13,61.28,46.23,40.75,41.17,29.46,42.76,34.64,31.33,25.24,50.27,29.01,45.91,0.0,50.66,32.24,34.71,34.95,36.19,52.6,39.49,17.68,32.13,24.8,22.72,9.46,50.41,50.41,31.67,11.53,36.79,39.29,17.71,39.49,39.29,24.07,36.79,33.41,30.5,34.71,52.59,65.5,24.8,49.61,13.8,25.49,24.62,33.85,24.8,47.8,34.06,34.71,22.72,52.07,9.33,9.33,52.6,25.49,54.01,19.62,25.49,10.08,22.72,34.62,32.19
Juzé Bar,14.5,50.08,43.73,46.65,12.98,5.26,53.52,51.05,49.86,50.55,11.79,1.77,13.48,73.69,92.85,67.84,70.31,46.14,57.1,62.17,13.25,49.33,45.97,55.63,80.08,53.06,56.24,46.13,15.15,10.5,41.92,46.21,63.74,22.89,41.71,50.66,57.9,81.35,46.41,23.08,36.7,4.79,0.0,17.6,42.31,42.31,50.68,61.57,36.76,47.44,48.08,73.26,14.28,76.56,58.77,18.1,56.24,45.31,22.53,42.31,59.38,8.62,53.06,80.08,42.37,81.67,16.48,23.01,60.08,89.18,41.92,43.09,50.66,0.0,42.37,44.83,15.93,79.44,49.85,12.93,39.73,44.46,43.96,25.82,37.64,0.25,0.25,46.59,44.23,17.91,48.98,60.96,12.93,48.98,49.13,17.91,43.53,73.75,44.83,15.01,12.95,43.96,8.64,35.9,40.19,67.89,43.97,43.96,2.84,47.52,44.83,25.82,49.32,52.61,52.61,49.85,40.19,11.77,62.89,40.19,53.36,25.82,20.58,16.54
Köbes Emporium Bar,31.99,20.39,14.03,10.59,54.64,42.66,17.46,16.35,46.68,6.45,44.14,44.44,43.02,49.84,71.67,40.17,49.09,17.02,38.85,48.59,35.59,47.22,6.17,35.03,58.89,19.48,22.11,16.44,30.27,35.51,12.23,41.17,50.16,26.05,9.16,32.24,40.71,67.78,16.72,26.24,35.83,44.88,42.37,41.81,9.76,9.76,2.59,24.63,36.69,18.32,18.39,63.95,34.08,54.23,40.52,29.27,22.11,16.19,45.62,9.76,46.25,43.23,19.48,58.89,12.68,68.09,29.75,28.33,29.59,68.0,12.23,10.54,32.24,42.37,0.0,4.17,28.66,86.15,17.45,55.81,47.43,13.58,17.78,59.41,36.63,44.12,44.12,12.18,48.23,36.53,17.44,42.67,55.81,17.44,22.94,36.53,2.87,80.46,4.17,32.26,45.17,17.78,45.67,37.35,10.77,54.01,3.31,17.78,41.51,8.17,4.17,59.41,8.4,33.21,33.21,17.45,10.77,43.19,49.01,10.77,60.07,59.41,40.16,57.95
Koqueiros Bar,34.01,22.86,16.5,13.05,57.11,45.13,20.15,19.04,49.14,6.17,46.16,46.9,45.03,52.3,74.14,42.64,51.56,16.8,41.31,51.06,37.61,49.69,4.81,37.5,61.36,22.17,24.58,18.91,32.28,37.53,14.69,43.64,52.63,28.52,11.63,34.71,43.18,70.25,19.19,28.71,38.3,47.35,44.83,43.83,12.23,12.23,2.08,27.1,39.16,18.1,20.86,66.42,36.1,56.7,42.99,31.29,24.58,15.97,48.09,12.23,48.26,47.05,22.17,61.36,15.15,70.56,31.77,30.8,32.06,70.46,14.69,13.01,34.71,44.83,4.17,0.0,31.27,88.39,17.15,58.42,65.79,14.41,13.7,61.65,54.99,46.73,46.73,13.61,50.18,36.04,20.5,44.62,58.42,20.5,24.89,36.04,2.26,82.7,0.0,34.5,47.41,13.7,47.91,55.7,12.8,55.96,3.78,13.7,44.12,5.03,0.0,61.65,4.99,35.16,35.16,17.15,12.8,45.43,50.96,12.8,62.31,61.65,39.66,60.19
Lá Ele Bar,4.5,34.38,28.02,30.95,28.21,16.23,37.82,35.34,48.16,34.84,21.19,18.0,22.35,57.99,77.15,52.13,54.61,30.43,41.4,46.46,19.37,48.71,30.27,39.92,64.38,37.35,40.53,30.43,18.09,15.02,26.21,41.26,48.03,7.19,26.0,34.95,42.2,65.65,30.71,7.37,34.65,18.45,15.93,20.53,26.6,26.6,34.97,45.86,35.52,31.74,32.38,57.55,19.32,60.86,43.07,21.13,40.53,29.61,20.18,26.6,43.68,16.8,37.35,64.38,26.66,65.96,2.08,7.3,44.38,73.48,26.21,27.38,34.95,15.93,28.66,31.27,0.0,68.63,39.04,27.15,46.05,33.65,33.15,26.92,35.25,15.46,15.46,35.78,42.27,7.1,38.17,50.15,27.15,38.17,38.32,7.1,32.72,62.94,34.02,13.5,21.53,33.15,14.65,35.97,29.38,57.08,33.16,33.15,12.85,36.71,34.02,26.92,38.51,41.8,41.8,39.04,29.38,19.06,52.08,29.38,42.55,26.92,10.72,25.46
Leo da Quadra,70.83,41.67,48.65,63.1,75.41,79.74,57.92,58.77,41.87,86.52,84.7,81.51,85.86,26.1,13.28,29.17,21.5,82.11,38.42,23.59,82.88,42.42,82.87,28.58,7.76,57.51,38.75,43.44,80.0,78.52,51.74,45.67,25.05,63.13,65.15,36.19,35.2,27.96,46.72,63.31,50.3,81.95,79.44,84.04,65.52,65.52,86.65,31.56,51.16,83.41,44.48,25.77,82.82,24.69,25.85,79.0,38.75,81.28,63.65,65.52,95.35,80.31,57.51,7.76,52.19,28.27,68.71,65.41,28.36,11.62,51.74,66.31,36.19,79.44,86.15,88.39,68.63,0.0,86.01,78.06,54.09,66.26,48.6,65.17,48.05,83.81,83.81,68.63,45.76,70.19,62.22,27.81,78.06,62.22,45.23,70.19,64.04,13.98,65.34,85.99,98.91,48.6,83.01,54.44,49.37,29.75,64.48,48.6,81.2,64.68,65.34,65.17,85.47,35.08,35.08,86.01,49.37,87.42,24.38,49.37,33.76,65.17,68.03,70.75
Locomotiva’s Bar,31.86,33.33,26.97,25.18,62.13,50.15,34.68,35.38,65.81,14.55,44.01,51.92,42.88,75.64,94.8,69.78,72.26,0.0,59.05,64.11,35.46,66.36,19.99,57.57,82.03,36.9,35.05,29.38,30.13,35.38,25.16,58.91,65.68,33.54,25.15,52.6,59.85,83.3,29.66,33.73,52.3,52.37,49.85,41.68,25.75,25.75,15.4,37.57,53.17,1.58,31.33,75.2,33.95,78.51,60.72,29.14,35.05,1.66,54.38,25.75,27.45,50.72,36.9,82.03,25.62,83.61,29.62,35.82,42.53,91.13,25.16,26.53,52.6,49.85,17.45,17.15,39.04,86.01,0.0,57.58,59.5,30.5,30.2,55.37,48.7,45.89,45.89,33.15,55.75,32.49,35.52,63.63,57.58,35.52,35.37,32.49,18.77,76.42,16.8,28.21,41.13,30.2,41.63,49.42,30.89,70.56,20.03,30.2,43.28,21.28,16.8,55.37,13.17,45.64,45.64,0.0,30.89,39.15,65.56,30.89,56.03,55.37,36.11,53.91
Magnífico Quintal,25.94,52.82,49.85,58.1,0.0,17.71,60.2,58.26,40.6,62.0,21.55,14.22,25.93,67.69,86.85,61.83,64.31,57.58,51.1,56.16,25.63,40.07,57.42,49.62,74.08,59.78,49.28,53.74,26.6,23.11,48.05,36.95,57.73,34.34,53.15,39.49,40.89,75.35,54.02,34.52,27.44,10.2,12.93,29.04,53.75,53.75,62.12,54.61,27.5,58.89,51.98,65.4,26.66,67.55,52.77,29.64,49.28,56.76,13.27,53.75,70.83,21.07,59.78,74.08,48.5,75.66,27.93,30.28,53.13,83.18,48.05,54.54,39.49,12.93,55.81,58.42,27.15,78.06,57.58,0.0,32.7,56.73,49.94,18.79,30.61,13.23,13.23,58.87,37.19,30.18,61.25,56.93,0.0,61.25,49.49,30.18,55.8,69.72,57.11,26.83,22.78,49.94,21.09,28.87,50.63,59.89,56.24,49.94,14.68,59.8,57.11,18.79,61.59,48.58,48.58,62.13,50.63,21.56,64.91,50.63,49.33,18.79,28.14,10.77
Magrelo’s Bar,48.26,39.3,40.15,60.94,32.7,45.18,81.35,48.56,12.13,63.92,52.6,41.68,53.76,28.5,62.89,39.02,40.35,59.5,27.16,32.2,50.78,11.6,60.26,25.68,50.12,80.94,37.35,42.04,57.39,46.43,38.34,8.48,33.77,40.55,44.64,17.68,19.09,51.39,40.83,40.74,16.39,36.28,39.73,51.94,43.77,43.77,64.04,41.08,12.99,60.81,38.46,27.17,50.72,29.32,28.83,56.4,37.35,58.68,20.94,43.77,72.75,48.21,80.94,50.12,38.8,51.7,46.11,42.83,39.6,59.22,38.34,44.55,17.68,39.73,47.43,65.79,46.05,54.09,59.5,32.7,0.0,44.06,36.72,11.17,9.67,42.1,42.1,43.6,8.27,31.78,45.46,33.32,31.18,45.46,32.71,31.78,45.33,46.12,46.64,44.14,52.17,36.72,45.29,11.14,37.41,27.02,45.78,36.72,41.41,45.99,46.64,11.17,60.11,26.0,26.0,60.64,37.41,49.7,26.6,37.41,25.69,11.17,29.12,23.88
Mamute Bar,35.85,14.33,7.33,2.89,56.73,44.76,5.35,4.66,45.24,21.45,49.72,46.53,50.88,48.4,75.05,38.73,61.59,30.5,37.41,34.42,47.9,45.79,11.2,33.6,54.52,6.67,15.97,10.38,42.03,43.55,10.54,41.06,32.5,28.15,4.95,32.13,39.28,36.12,10.11,28.34,35.72,46.97,44.46,49.06,5.32,5.32,14.92,17.58,36.58,31.8,12.45,62.52,47.85,52.8,31.71,41.03,15.97,29.67,45.51,5.32,61.68,45.33,6.67,54.52,9.16,36.43,33.43,30.43,20.74,71.38,10.54,6.1,32.13,44.46,13.58,14.41,33.65,66.26,30.5,56.73,44.06,0.0,9.39,51.5,36.84,48.85,48.85,5.09,75.64,38.16,4.7,57.7,60.54,4.7,15.95,38.16,15.39,55.39,18.12,47.34,60.26,9.39,48.05,37.56,8.49,72.89,14.56,9.39,46.24,10.54,18.12,51.5,21.96,29.57,29.57,32.54,8.49,52.46,67.52,8.49,69.07,51.5,41.78,50.04
Marina’s Bar,35.35,7.75,0.0,10.14,49.94,44.26,12.25,10.31,37.91,26.27,49.22,46.03,50.38,41.07,57.39,31.4,34.82,30.2,30.08,27.85,47.4,38.46,12.7,26.26,44.62,11.83,9.39,3.8,41.73,43.05,3.21,33.73,25.92,27.65,5.37,24.8,31.94,32.48,4.08,27.84,28.38,46.47,43.96,48.56,5.73,5.73,20.09,11.99,29.25,31.5,5.87,55.18,47.34,45.47,31.75,40.74,9.39,29.37,38.18,5.73,57.71,44.83,11.83,44.62,1.83,32.79,32.93,29.93,14.16,53.72,3.21,6.52,24.8,43.96,17.78,13.7,33.15,48.6,30.2,49.94,36.72,9.39,0.0,44.01,29.35,43.48,43.48,6.87,40.79,35.25,8.74,28.79,49.85,8.74,10.28,35.25,15.2,46.2,16.5,41.78,54.69,0.0,42.68,30.07,0.77,46.58,15.64,0.0,40.87,11.06,16.5,44.01,19.63,25.78,25.78,26.97,0.77,47.08,41.58,0.77,37.97,44.01,33.09,42.55
Mineiros Beer,29.12,39.93,44.01,56.81,18.79,31.27,54.35,52.42,22.62,59.78,40.82,27.77,41.98,42.31,73.96,47.29,51.42,55.37,46.39,43.28,39.0,22.09,56.13,44.91,61.19,53.94,36.39,47.89,37.72,34.65,42.2,18.97,44.84,26.91,51.86,22.72,24.12,62.46,48.18,27.37,12.32,22.37,25.82,40.16,52.46,52.46,59.91,41.72,11.67,56.67,39.1,44.25,38.95,46.4,48.06,40.76,36.39,54.54,7.03,52.46,68.61,36.43,53.94,61.19,42.65,62.77,26.7,24.44,40.24,70.29,42.2,53.25,22.72,25.82,59.41,61.65,26.92,65.17,55.37,18.79,11.17,51.5,44.01,0.0,15.0,29.37,29.37,46.72,18.73,24.21,48.58,43.28,18.45,48.58,35.84,24.21,48.46,56.07,49.76,40.83,42.68,39.85,36.16,13.26,40.53,41.33,48.9,39.85,28.68,49.11,49.76,0.0,59.02,45.41,45.41,59.55,40.53,40.06,46.35,40.53,35.68,0.0,21.56,11.15
Mulão,37.45,28.49,29.35,50.14,30.61,46.36,39.69,37.76,11.7,53.11,51.32,48.13,52.48,37.68,56.84,31.83,34.3,48.7,21.07,26.16,49.5,11.17,49.46,19.59,44.07,39.28,24.95,29.64,46.59,45.15,27.54,8.82,27.73,29.75,33.84,9.46,10.86,45.34,30.03,29.94,7.75,34.19,37.64,50.66,32.96,32.96,53.24,30.28,4.13,50.0,27.66,37.22,49.45,40.55,22.74,45.59,24.95,47.87,18.85,32.96,61.95,46.93,39.28,44.07,27.99,45.66,35.31,32.03,28.8,53.17,27.54,33.75,9.46,37.64,36.63,54.99,35.25,48.05,48.7,30.61,9.67,36.84,29.35,15.0,0.0,40.74,40.74,37.52,10.98,30.43,39.38,34.07,29.82,39.38,26.63,30.43,39.25,46.87,40.56,54.55,67.46,30.64,51.57,4.14,31.33,29.85,39.69,30.64,40.05,39.91,40.56,13.05,54.03,25.72,25.72,54.56,31.33,55.97,36.01,31.33,26.47,13.05,27.77,22.52
Nosso Spetim,14.25,49.83,43.48,46.4,13.23,5.51,53.28,50.8,51.52,50.3,12.04,2.02,13.73,73.44,92.61,67.59,70.07,45.89,56.85,61.92,13.5,50.99,45.72,55.38,79.83,52.81,55.99,45.88,14.9,10.75,41.67,47.87,63.49,22.64,41.46,50.41,57.66,81.11,46.17,22.83,38.36,5.04,0.25,17.35,42.06,42.06,50.43,61.32,38.42,47.19,47.84,73.01,14.53,76.32,58.52,17.95,55.99,45.06,24.19,42.06,59.14,8.87,52.81,79.83,42.12,81.42,16.24,22.76,59.84,88.94,41.67,42.84,50.41,0.25,44.12,46.73,15.46,83.81,45.89,13.23,42.1,48.85,43.48,29.37,40.74,0.0,0.0,46.35,45.78,17.66,48.73,60.71,13.18,48.73,48.88,17.66,43.28,73.5,44.59,14.77,13.19,43.71,8.88,37.45,39.94,67.65,43.72,43.71,2.59,47.28,44.59,27.38,49.07,52.36,52.36,49.6,39.94,12.02,62.65,39.94,53.11,27.38,20.34,18.09
O Fino do Alho,14.25,49.83,43.48,46.4,13.23,5.51,53.28,50.8,51.52,50.3,12.04,2.02,13.73,73.44,92.61,67.59,70.07,45.89,56.85,61.92,13.5,50.99,45.72,55.38,79.83,52.81,55.99,45.88,14.9,10.75,41.67,47.87,63.49,22.64,41.46,50.41,57.66,81.11,46.17,22.83,38.36,5.04,0.25,17.35,42.06,42.06,50.43,61.32,38.42,47.19,47.84,73.01,14.53,76.32,58.52,17.95,55.99,45.06,24.19,42.06,59.14,8.87,52.81,79.83,42.12,81.42,16.24,22.76,59.84,88.94,41.67,42.84,50.41,0.25,44.12,46.73,15.46,83.81,45.89,13.23,42.1,48.85,43.48,29.37,40.74,0.0,0.0,46.35,45.78,17.66,48.73,60.71,13.18,48.73,48.88,17.66,43.28,73.5,44.59,14.77,13.19,43.71,8.88,37.45,39.94,67.65,43.72,43.71,2.59,47.28,44.59,27.38,49.07,52.36,52.36,49.6,39.94,12.02,62.65,39.94,53.11,27.38,20.34,18.09
Oratório Bar,37.99,13.85,6.87,4.0,58.87,46.89,7.72,7.03,44.78,19.23,51.85,48.66,53.01,47.94,77.43,38.27,40.93,33.15,36.95,33.95,50.03,45.33,10.41,33.14,56.89,9.04,15.49,9.9,44.69,45.68,10.08,40.6,32.02,30.28,5.53,31.67,38.82,38.49,9.64,30.47,35.26,49.11,46.59,51.19,5.07,5.07,14.49,16.68,36.12,34.46,11.97,62.06,49.98,52.34,31.23,43.69,15.49,32.33,45.05,5.07,63.81,47.46,9.04,56.89,8.7,38.8,35.57,32.56,20.27,73.75,10.08,5.86,31.67,46.59,12.18,13.61,35.78,68.63,33.15,58.87,43.6,5.09,6.87,46.72,37.52,46.35,46.35,0.0,44.67,31.67,11.01,39.11,54.05,11.01,15.2,31.67,11.23,73.81,12.53,40.85,53.77,6.77,41.56,35.46,5.86,50.45,11.19,6.77,39.75,9.23,12.53,52.76,17.23,29.65,29.65,26.05,5.86,45.96,45.45,5.86,41.84,52.76,35.29,51.3
Parada 10.95 Bar,44.47,35.54,40.79,49.85,37.19,53.38,73.02,73.86,3.96,56.72,58.34,46.18,59.5,24.11,54.55,29.53,32.01,55.75,18.82,23.87,56.52,3.43,49.17,17.35,41.78,72.6,29.02,33.71,53.64,52.17,38.98,0.0,25.43,36.77,43.77,11.53,16.35,43.05,39.81,36.96,17.78,40.77,44.23,57.68,44.37,44.37,60.29,37.33,11.93,57.05,34.75,22.78,56.46,24.93,20.49,52.64,29.02,54.92,25.43,44.37,69.0,53.95,72.6,41.78,39.44,43.37,42.35,39.05,35.85,50.88,38.98,45.15,11.53,44.23,48.23,50.18,42.27,45.76,55.75,37.19,8.27,75.64,40.79,18.73,10.98,45.78,45.78,44.67,0.0,37.55,48.05,27.18,36.95,48.05,32.83,37.55,42.34,39.98,43.64,58.89,71.81,33.73,55.91,11.27,34.42,19.24,42.78,33.73,47.18,42.99,43.64,18.97,58.37,18.09,18.09,58.91,34.42,60.32,18.81,34.42,19.5,18.97,34.9,29.65
Parada do Sabor,9.3,39.14,35.25,35.71,30.18,18.21,42.59,40.11,50.0,36.9,23.17,19.98,24.33,59.82,78.98,53.97,56.44,32.49,43.23,48.3,21.35,50.55,35.04,41.75,66.21,42.12,42.37,35.19,20.06,17.0,33.44,37.55,49.87,5.71,30.77,36.79,44.03,67.48,35.48,5.69,21.46,20.42,17.91,22.51,31.37,31.37,37.03,47.7,28.1,33.79,37.15,59.39,21.3,62.69,44.9,23.11,42.37,31.66,19.04,31.37,45.74,18.78,42.12,66.21,33.89,67.8,6.88,0.0,46.21,75.31,33.44,32.15,36.79,17.91,36.53,36.04,7.1,70.19,32.49,30.18,31.78,38.16,35.25,24.21,30.43,17.66,17.66,31.67,37.55,0.0,34.95,46.92,30.28,34.95,35.09,0.0,29.5,59.72,30.8,20.81,28.83,29.93,21.96,32.74,26.15,53.86,29.94,29.93,20.15,33.49,30.8,24.44,35.28,38.57,38.57,35.82,26.15,26.36,48.86,26.15,39.32,24.44,8.25,22.98
Pé de Cana,40.37,13.76,8.74,6.98,61.25,49.28,0.0,3.5,44.25,24.22,54.24,51.05,55.4,44.45,71.01,37.75,57.55,35.52,36.46,33.86,52.42,44.8,15.78,32.65,50.47,2.63,15.4,12.72,47.07,48.07,11.95,48.05,31.93,32.67,8.79,39.29,38.29,32.07,13.43,32.86,37.12,51.49,48.98,53.58,9.41,9.41,21.78,15.45,37.99,36.82,13.13,48.4,52.36,47.32,31.14,46.08,15.4,33.21,46.92,9.41,66.2,49.85,2.63,50.47,10.57,32.39,37.95,34.95,20.17,67.34,11.95,10.19,39.29,48.98,17.44,20.5,38.17,62.22,35.52,61.25,45.46,4.7,8.74,48.58,39.38,48.73,48.73,11.01,48.05,34.95,0.0,55.07,60.2,0.0,16.78,42.59,18.62,52.77,20.15,51.77,64.68,12.25,52.47,40.41,11.34,70.27,18.41,12.25,50.67,14.39,20.15,54.35,23.99,30.41,30.41,34.68,11.34,56.88,64.89,11.34,66.45,54.35,43.43,52.9
Pé de Goiaba,52.35,21.81,28.79,33.89,56.93,61.25,55.07,55.91,23.39,51.17,66.22,63.03,67.38,16.51,36.61,10.69,7.86,63.63,0.0,5.92,64.39,23.94,43.62,8.72,23.83,54.66,18.89,23.58,61.51,60.04,33.43,27.18,7.49,44.64,38.21,17.71,16.71,25.11,26.86,44.83,31.81,63.47,60.96,65.56,32.11,32.11,68.16,25.81,32.68,64.93,24.62,20.47,64.34,19.39,2.1,60.52,18.89,62.8,45.16,32.11,76.87,61.82,54.66,23.83,33.88,25.42,50.23,46.92,21.37,32.94,33.43,32.89,17.71,60.96,42.67,44.62,50.15,27.81,63.63,56.93,33.32,57.7,28.79,43.28,34.07,60.71,60.71,39.11,27.18,46.92,55.07,0.0,51.1,36.46,21.2,43.23,40.01,32.73,41.31,59.03,71.95,30.08,56.05,27.48,30.77,24.28,40.45,30.08,54.24,40.66,41.31,46.39,58.51,8.15,8.15,59.05,30.77,60.46,19.28,30.77,12.25,46.39,41.07,43.79
Planeta Lúpulo,25.94,52.82,49.85,58.1,0.0,17.71,60.2,58.26,40.6,62.0,21.55,14.22,25.93,67.69,86.85,61.83,64.31,57.58,51.1,56.16,25.63,40.07,57.42,49.62,74.08,59.78,49.28,53.74,26.6,23.11,48.05,36.95,57.73,34.34,53.15,39.49,40.89,75.35,54.02,34.52,27.44,10.2,12.93,29.04,53.75,53.75,62.12,54.61,27.5,58.89,51.98,65.4,26.66,67.55,52.77,29.64,49.28,56.76,13.27,53.75,70.83,21.07,59.78,74.08,48.5,75.66,27.93,30.28,53.13,83.18,48.05,54.54,39.49,12.93,55.81,58.42,27.15,78.06,57.58,0.0,31.18,60.54,49.85,18.45,29.82,13.18,13.18,54.05,36.95,30.28,60.2,51.1,0.0,61.25,49.49,30.18,55.8,69.72,57.11,26.83,22.78,49.94,21.09,28.87,50.63,59.89,56.24,49.94,14.68,59.8,57.11,18.79,61.59,48.58,48.58,62.13,50.63,21.56,64.91,50.63,49.33,18.79,28.14,10.77
PoiZé Bar e Petisqueira,40.37,13.76,8.74,6.98,61.25,49.28,0.0,3.5,44.25,24.22,54.24,51.05,55.4,44.45,71.01,37.75,57.55,35.52,36.46,33.86,52.42,44.8,15.78,32.65,50.47,2.63,15.4,12.72,47.07,48.07,11.95,48.05,31.93,32.67,8.79,39.29,38.29,32.07,13.43,32.86,37.12,51.49,48.98,53.58,9.41,9.41,21.78,15.45,37.99,36.82,13.13,48.4,52.36,47.32,31.14,46.08,15.4,33.21,46.92,9.41,66.2,49.85,2.63,50.47,10.57,32.39,37.95,34.95,20.17,67.34,11.95,10.19,39.29,48.98,17.44,20.5,38.17,62.22,35.52,61.25,45.46,4.7,8.74,48.58,39.38,48.73,48.73,11.01,48.05,34.95,0.0,36.46,61.25,0.0,16.78,42.59,18.62,52.77,20.15,51.77,64.68,12.25,52.47,40.41,11.34,70.27,18.41,12.25,50.67,14.39,20.15,54.35,23.99,30.41,30.41,34.68,11.34,56.88,64.89,11.34,66.45,54.35,43.43,52.9
Prado Beer,40.52,4.13,10.28,15.38,49.49,49.42,16.78,14.84,29.03,31.44,54.39,51.2,55.55,32.19,54.02,22.52,31.45,35.37,21.2,26.23,52.56,29.58,23.89,17.39,41.25,16.37,0.0,5.07,46.9,48.21,11.5,32.83,21.0,32.81,13.23,24.07,23.07,25.98,8.34,33.0,24.37,51.64,49.13,53.73,13.6,13.6,25.26,8.41,25.24,36.67,6.11,46.31,52.51,36.59,22.87,45.9,0.0,34.54,37.72,13.6,62.88,49.99,16.37,41.25,10.12,26.29,38.1,35.09,6.93,50.35,11.5,14.38,24.07,49.13,22.94,24.89,38.32,45.23,35.37,49.49,32.71,15.95,10.28,35.84,26.63,48.88,48.88,15.2,32.83,35.09,16.78,21.2,49.49,16.78,0.0,42.37,23.28,36.3,24.58,49.85,62.77,9.39,55.19,25.66,10.16,34.8,23.72,9.39,53.38,20.45,24.58,36.39,27.7,14.0,14.0,35.05,10.16,59.59,29.8,10.16,26.19,36.39,40.2,41.97
Prosa Boa,9.3,39.14,35.25,35.71,30.18,18.21,42.59,40.11,50.0,36.9,23.17,19.98,24.33,59.82,78.98,53.97,56.44,32.49,43.23,48.3,21.35,50.55,35.04,41.75,66.21,42.12,42.37,35.19,20.06,17.0,33.44,37.55,49.87,5.71,30.77,36.79,44.03,67.48,35.48,5.69,21.46,20.42,17.91,22.51,31.37,31.37,37.03,47.7,28.1,33.79,37.15,59.39,21.3,62.69,44.9,23.11,42.37,31.66,19.04,31.37,45.74,18.78,42.12,66.21,33.89,67.8,6.88,0.0,46.21,75.31,33.44,32.15,36.79,17.91,36.53,36.04,7.1,70.19,32.49,30.18,31.78,38.16,35.25,24.21,30.43,17.66,17.66,31.67,37.55,0.0,42.59,43.23,30.18,42.59,42.37,0.0,29.5,59.72,30.8,20.81,28.83,29.93,21.96,32.74,26.15,53.86,29.94,29.93,20.15,33.49,30.8,24.44,35.28,38.57,38.57,35.82,26.15,26.36,48.86,26.15,39.32,24.44,8.25,22.98
Quinteiro Bar e Restaurante,33.27,21.56,15.2,11.75,55.8,43.83,18.62,17.52,47.84,5.68,45.43,45.6,44.3,51.0,72.83,41.33,50.26,18.77,40.01,49.76,36.88,48.39,4.21,36.2,60.06,20.65,23.28,17.61,31.55,36.8,13.39,42.34,51.33,27.22,10.33,33.41,41.88,68.94,17.89,27.41,36.99,46.04,43.53,43.1,10.93,10.93,1.82,25.8,37.86,20.07,19.56,65.12,35.36,55.4,41.68,30.56,23.28,17.94,46.79,10.93,47.53,44.4,20.65,60.06,13.84,69.26,31.03,29.5,30.76,69.16,13.39,11.71,33.41,43.53,2.87,2.26,32.72,64.04,18.77,55.8,45.33,15.39,15.2,48.46,39.25,43.28,43.28,11.23,42.34,29.5,18.62,40.01,55.8,18.62,23.28,29.5,0.0,76.77,1.96,34.1,47.01,12.29,47.51,40.68,11.39,54.55,1.92,12.29,42.71,4.6,1.96,55.72,6.2,33.75,33.75,17.31,11.39,45.03,49.55,11.39,45.94,55.72,38.25,54.26
Quioxque Botequim Carioca,65.14,39.23,46.2,57.94,69.72,74.05,52.77,53.61,36.18,80.83,79.01,75.82,80.17,29.86,18.4,23.48,15.81,76.42,32.73,17.9,77.19,36.73,77.18,31.25,5.43,52.36,36.3,41.0,74.31,72.83,50.84,39.98,19.36,57.44,72.91,30.5,29.51,22.8,44.27,57.62,44.61,76.26,73.75,78.35,60.37,60.37,80.96,34.32,45.47,77.72,42.04,33.82,77.13,32.74,23.4,73.31,36.3,75.59,57.96,60.37,89.66,74.62,52.36,5.43,51.3,23.12,63.02,59.72,31.12,13.56,50.84,61.15,30.5,73.75,80.46,82.7,62.94,13.98,76.42,69.72,46.12,55.39,46.2,56.07,46.87,73.5,73.5,73.81,39.98,59.72,52.77,32.73,69.72,52.77,36.3,59.72,76.77,0.0,60.44,81.09,94.01,43.7,78.11,49.54,44.47,38.11,59.58,43.7,76.3,58.81,60.44,60.27,80.57,30.18,30.18,81.11,44.47,82.52,32.73,44.47,34.29,60.27,63.13,65.85
Quitandas da Tia Nice Bar,34.01,22.86,16.5,13.05,57.11,45.13,20.15,19.04,49.14,6.17,46.16,46.9,45.03,52.3,74.14,42.64,51.56,16.8,41.31,51.06,37.61,49.69,4.81,37.5,61.36,22.17,24.58,18.91,32.28,37.53,14.69,43.64,52.63,28.52,11.63,34.71,43.18,70.25,19.19,28.71,38.3,47.35,44.83,43.83,12.23,12.23,2.08,27.1,39.16,18.1,20.86,66.42,36.1,56.7,42.99,31.29,24.58,15.97,48.09,12.23,48.26,47.05,22.17,61.36,15.15,70.56,31.77,30.8,32.06,70.46,14.69,13.01,34.71,44.83,4.17,0.0,34.02,65.34,16.8,57.11,46.64,18.12,16.5,49.76,40.56,44.59,44.59,12.53,43.64,30.8,20.15,41.31,57.11,20.15,24.58,30.8,1.96,60.44,0.0,34.5,47.41,13.7,47.91,55.7,12.8,55.96,3.78,13.7,44.12,5.03,0.0,61.65,4.99,35.16,35.16,17.15,12.8,45.43,50.96,12.8,62.31,61.65,39.66,60.19
Rancho do Manoel,12.3,48.13,41.78,44.9,26.83,13.57,51.77,50.18,65.8,32.62,19.67,16.78,18.55,75.62,94.78,69.77,72.24,28.21,59.03,64.1,6.22,66.35,37.55,57.55,82.01,51.71,49.85,44.18,0.0,5.8,39.97,58.89,65.67,20.69,39.95,52.59,59.83,83.28,44.46,20.88,52.29,20.04,15.01,12.03,40.55,40.55,32.75,52.37,53.15,29.52,46.13,75.19,5.57,78.49,60.7,3.44,49.85,27.38,35.66,40.55,45.32,14.77,51.71,82.01,40.42,83.6,14.28,20.81,57.33,91.11,39.97,41.33,52.59,15.01,32.26,34.5,13.5,85.99,28.21,26.83,44.14,47.34,41.78,40.83,54.55,14.77,14.77,40.85,58.89,20.81,51.77,59.03,26.83,51.77,49.85,20.81,34.1,81.09,34.5,0.0,18.17,41.73,13.93,47.31,42.42,68.45,31.87,41.73,12.29,36.32,32.28,37.72,28.66,53.16,53.16,30.13,42.42,15.7,63.45,42.42,53.91,37.72,22.74,29.47
Recanto Vovó Tela,20.32,61.05,54.69,57.81,22.78,10.41,64.68,63.1,78.71,45.54,3.18,11.18,4.91,88.54,107.7,82.68,85.16,41.13,71.95,77.01,14.45,79.26,50.47,70.47,94.93,64.62,62.77,57.1,18.17,15.32,52.88,71.81,78.58,28.72,52.87,65.5,72.75,96.2,57.38,28.9,65.2,19.77,12.95,23.51,53.47,53.47,45.67,65.29,66.07,42.43,59.05,88.1,14.39,91.41,73.62,24.83,62.77,40.3,37.51,53.47,58.23,8.5,64.62,94.93,53.34,96.51,22.31,28.83,70.25,104.03,52.88,54.25,65.5,12.95,45.17,47.41,21.53,98.91,41.13,22.78,52.17,60.26,54.69,42.68,67.46,13.19,13.19,53.77,71.81,28.83,64.68,71.95,22.78,64.68,62.77,28.83,47.01,94.01,47.41,18.17,0.0,54.28,7.96,57.1,50.51,78.21,47.38,54.28,15.07,51.82,47.79,38.97,44.16,62.93,62.93,45.64,50.51,3.18,73.21,50.51,63.68,38.97,30.9,29.68
Regis Bar,35.35,7.75,0.0,10.14,49.94,44.26,12.25,10.31,37.91,26.27,49.22,46.03,50.38,41.07,57.39,31.4,34.82,30.2,30.08,27.85,47.4,38.46,12.7,26.26,44.62,11.83,9.39,3.8,41.73,43.05,3.21,33.73,25.92,27.65,5.37,24.8,31.94,32.48,4.08,27.84,28.38,46.47,43.96,48.56,5.73,5.73,20.09,11.99,29.25,31.5,5.87,55.18,47.34,45.47,31.75,40.74,9.39,29.37,38.18,5.73,57.71,44.83,11.83,44.62,1.83,32.79,32.93,29.93,14.16,53.72,3.21,6.52,24.8,43.96,17.78,13.7,33.15,48.6,30.2,49.94,36.72,9.39,0.0,39.85,30.64,43.71,43.71,6.77,33.73,29.93,12.25,30.08,49.94,12.25,9.39,29.93,12.29,43.7,13.7,41.73,54.28,0.0,42.68,30.07,0.77,46.58,15.64,0.0,40.87,11.06,16.5,44.01,19.63,25.78,25.78,26.97,0.77,47.08,41.58,0.77,37.97,44.01,33.09,42.55
Rei do Peixe,13.45,49.03,42.68,45.6,21.09,5.4,52.47,50.0,62.82,46.04,4.96,9.03,6.12,72.64,91.8,66.79,69.26,41.63,56.05,61.12,11.2,63.37,44.92,54.58,79.03,52.01,55.19,45.08,13.93,8.45,40.87,55.91,62.69,21.84,40.66,49.61,56.85,80.3,45.36,22.03,49.31,13.24,8.64,16.63,41.26,41.26,46.17,60.51,50.17,42.93,47.03,72.21,10.11,75.51,57.72,16.04,55.19,40.8,30.98,41.26,58.33,0.0,52.01,79.03,41.32,80.62,15.43,21.96,59.03,88.13,40.87,42.04,49.61,8.64,45.67,47.91,14.65,83.01,41.63,21.09,45.29,48.05,42.68,36.16,51.57,8.88,8.88,41.56,55.91,21.96,52.47,56.05,21.09,52.47,55.19,21.96,47.51,78.11,47.91,13.93,7.96,42.68,0.0,47.64,41.05,68.76,44.84,44.83,11.6,48.39,47.05,36.43,43.42,53.47,53.47,50.72,41.05,6.03,63.76,41.05,54.22,36.43,21.45,29.38
Resenha da Naty,38.17,29.21,30.07,50.86,28.87,47.08,40.41,38.47,14.92,53.83,52.04,37.85,53.2,44.07,63.24,38.22,40.7,49.42,27.48,32.55,50.21,14.38,50.18,26.01,50.46,39.99,25.66,30.35,47.31,45.86,28.26,11.27,34.12,30.47,34.56,13.8,15.21,51.74,30.75,30.65,5.63,32.44,35.9,51.38,33.68,33.68,53.95,30.99,0.0,50.72,28.37,32.77,50.16,46.95,29.15,46.31,25.66,48.59,17.1,33.68,62.66,47.64,39.99,50.46,28.71,52.05,36.02,32.74,29.51,59.57,28.26,34.46,13.8,35.9,37.35,55.7,35.97,54.44,49.42,28.87,11.14,37.56,30.07,13.26,4.14,37.45,37.45,35.46,11.27,32.74,40.41,27.48,28.87,40.41,25.66,32.74,40.68,49.54,55.7,47.31,57.1,30.07,47.64,0.0,29.94,39.62,38.3,29.25,37.73,38.51,39.16,11.67,52.64,24.33,24.33,53.17,29.94,54.58,34.62,29.94,25.08,11.67,25.45,20.2
Restaurante Jorge Americano,31.58,8.52,0.77,9.23,50.63,40.49,11.34,9.4,38.6,26.96,45.45,42.26,46.61,41.76,58.16,32.09,35.59,30.89,30.77,28.62,43.62,39.15,11.79,26.95,45.39,10.92,10.16,4.57,42.42,39.27,3.9,34.42,26.69,23.88,4.46,25.49,32.63,33.46,4.85,24.06,29.07,42.7,40.19,44.79,4.83,4.83,13.12,12.76,29.94,32.19,6.64,55.87,43.57,46.16,32.44,41.42,10.16,30.06,38.87,4.83,57.4,41.05,10.92,45.39,2.51,33.78,29.16,26.15,14.93,54.49,3.9,5.61,25.49,40.19,10.77,12.8,29.38,49.37,30.89,50.63,37.41,8.49,0.77,40.53,31.33,39.94,39.94,5.86,34.42,26.15,11.34,30.77,50.63,11.34,10.16,26.15,11.39,44.47,12.8,42.42,50.51,0.77,41.05,29.94,0.0,43.76,12.25,4.15,40.09,10.29,13.59,45.44,19.04,22.96,22.96,26.39,0.0,46.31,38.75,0.0,35.15,45.44,34.51,43.98
S.O.S PUB,59.29,41.33,46.58,55.63,59.89,68.19,70.27,71.11,18.02,62.5,73.15,69.96,74.31,5.38,39.19,16.65,18.41,70.56,24.28,21.12,71.33,18.57,54.96,22.8,30.23,69.85,34.8,39.49,68.45,66.98,44.77,19.24,22.69,51.58,49.55,24.62,23.62,40.3,45.59,51.77,38.75,70.41,67.89,72.49,50.15,50.15,56.33,43.11,39.62,71.87,40.53,0.0,71.28,6.14,20.64,67.45,34.8,69.73,48.12,50.15,83.81,68.76,69.85,30.23,45.22,40.62,57.17,53.86,41.63,35.52,44.77,50.93,24.62,67.89,54.01,55.96,57.08,29.75,70.56,59.89,27.02,72.89,46.58,41.33,29.85,67.65,67.65,50.45,19.24,53.86,70.27,24.28,59.89,70.27,34.8,53.86,54.55,38.11,55.96,68.45,78.21,46.58,68.76,39.62,43.76,0.0,65.56,55.18,70.4,65.76,66.42,44.25,69.54,23.69,23.69,75.2,55.87,76.61,5.81,55.87,25.09,44.25,57.22,58.1
Santa Boemia,33.59,22.0,15.64,11.71,56.24,44.27,18.41,17.3,48.28,9.4,45.75,46.04,44.62,51.44,73.27,41.77,50.7,20.03,40.45,50.2,37.2,48.83,3.82,36.64,60.5,20.43,23.72,18.05,31.87,37.12,13.83,42.78,51.77,27.66,10.29,33.85,42.32,69.38,18.33,27.85,37.44,46.48,43.97,43.42,10.89,10.89,3.56,26.24,38.3,21.34,20.0,65.56,35.69,55.84,42.12,30.88,23.72,19.21,47.23,10.89,47.85,44.84,20.43,60.5,14.28,69.7,31.36,29.94,31.2,69.6,13.83,11.67,33.85,43.97,3.31,3.78,33.16,64.48,20.03,56.24,45.78,14.56,15.64,48.9,39.69,43.72,43.72,11.19,42.78,29.94,18.41,40.45,56.24,18.41,23.72,29.94,1.92,59.58,3.78,31.87,47.38,15.64,44.84,38.3,12.25,65.56,0.0,10.46,40.88,5.67,3.89,53.89,9.58,31.92,31.92,17.49,9.56,45.21,47.72,9.56,44.11,53.89,36.42,52.43
Santuário Retrô,35.35,7.75,0.0,10.14,49.94,44.26,12.25,10.31,37.91,26.27,49.22,46.03,50.38,41.07,57.39,31.4,34.82,30.2,30.08,27.85,47.4,38.46,12.7,26.26,44.62,11.83,9.39,3.8,41.73,43.05,3.21,33.73,25.92,27.65,5.37,24.8,31.94,32.48,4.08,27.84,28.38,46.47,43.96,48.56,5.73,5.73,20.09,11.99,29.25,31.5,5.87,55.18,47.34,45.47,31.75,40.74,9.39,29.37,38.18,5.73,57.71,44.83,11.83,44.62,1.83,32.79,32.93,29.93,14.16,53.72,3.21,6.52,24.8,43.96,17.78,13.7,33.15,48.6,30.2,49.94,36.72,9.39,0.0,39.85,30.64,43.71,43.71,6.77,33.73,29.93,12.25,30.08,49.94,12.25,9.39,29.93,12.29,43.7,13.7,41.73,54.28,0.0,44.83,29.25,4.15,55.18,10.46,0.0,40.87,11.06,16.5,44.01,19.63,25.78,25.78,26.97,0.77,47.08,41.58,0.77,37.97,44.01,33.09,42.55
Seu Braz,11.64,47.22,40.87,43.79,14.68,7.26,50.67,48.19,61.01,47.69,16.0,4.61,17.16,70.83,90.0,64.98,67.45,43.28,54.24,59.31,12.96,61.56,43.11,52.77,77.22,50.2,53.38,43.27,12.29,10.21,39.06,47.18,60.88,20.03,38.85,47.8,55.05,78.5,43.55,20.22,37.67,5.33,2.84,14.74,39.45,39.45,47.82,58.71,37.73,44.58,45.22,70.4,13.99,73.71,55.91,15.34,53.38,42.45,23.5,39.45,56.53,11.6,50.2,77.22,39.51,78.81,13.62,20.15,57.23,86.32,39.06,40.23,47.8,2.84,41.51,44.12,12.85,81.2,43.28,14.68,41.41,46.24,40.87,28.68,40.05,2.59,2.59,39.75,47.18,20.15,50.67,54.24,14.68,50.67,53.38,20.15,42.71,76.3,44.12,12.29,15.07,40.87,11.6,37.73,40.09,70.4,40.88,40.87,0.0,44.68,41.99,26.69,46.48,49.76,49.76,47.01,37.34,14.61,60.05,37.34,50.51,26.69,17.74,17.4
Silvio’s Bar,38.91,18.81,11.06,9.04,59.8,47.82,14.39,13.28,48.48,10.65,50.19,49.59,49.07,51.64,73.48,41.98,50.9,21.28,40.66,50.41,41.64,49.03,0.0,36.84,60.7,16.41,20.45,14.86,36.32,46.61,14.03,42.99,36.97,31.21,8.33,34.06,42.52,45.85,15.14,31.4,37.65,50.04,47.52,47.86,8.93,8.93,7.16,23.05,38.51,22.58,16.92,65.76,40.13,56.04,42.33,35.32,20.45,20.45,47.44,8.93,52.3,48.39,16.41,60.7,14.49,46.17,36.49,33.49,25.22,69.8,14.03,9.71,34.06,47.52,8.17,5.03,36.71,64.68,21.28,59.8,45.99,10.54,11.06,49.11,39.91,47.28,47.28,9.23,42.99,33.49,14.39,40.66,59.8,14.39,20.45,33.49,4.6,58.81,5.03,36.32,51.82,11.06,48.39,38.51,10.29,65.76,5.67,11.06,44.68,0.0,4.81,56.13,10.03,34.16,34.16,19.99,11.79,48.48,49.96,11.79,46.35,56.13,38.66,54.67
Sinhá Erozitha Bistrôteco,34.01,22.86,16.5,13.05,57.11,45.13,20.15,19.04,49.14,6.17,46.16,46.9,45.03,52.3,74.14,42.64,51.56,16.8,41.31,51.06,37.61,49.69,4.81,37.5,61.36,22.17,24.58,18.91,32.28,37.53,14.69,43.64,52.63,28.52,11.63,34.71,43.18,70.25,19.19,28.71,38.3,47.35,44.83,43.83,12.23,12.23,2.08,27.1,39.16,18.1,20.86,66.42,36.1,56.7,42.99,31.29,24.58,15.97,48.09,12.23,48.26,47.05,22.17,61.36,15.15,70.56,31.77,30.8,32.06,70.46,14.69,13.01,34.71,44.83,4.17,0.0,34.02,65.34,16.8,57.11,46.64,18.12,16.5,49.76,40.56,44.59,44.59,12.53,43.64,30.8,20.15,41.31,57.11,20.15,24.58,30.8,1.96,60.44,0.0,32.28,47.79,16.5,47.05,39.16,13.59,66.42,3.89,16.5,41.99,4.81,0.0,61.65,4.99,35.16,35.16,17.15,12.8,45.43,50.96,12.8,62.31,61.65,39.66,60.19
Sô Bar,29.12,39.93,44.01,56.81,18.79,31.27,54.35,52.42,22.62,59.78,40.82,27.77,41.98,42.31,73.96,47.29,51.42,55.37,46.39,43.28,39.0,22.09,56.13,44.91,61.19,53.94,36.39,47.89,37.72,34.65,42.2,18.97,44.84,26.91,51.86,22.72,24.12,62.46,48.18,27.37,12.32,22.37,25.82,40.16,52.46,52.46,59.91,41.72,11.67,56.67,39.1,44.25,38.95,46.4,48.06,40.76,36.39,54.54,7.03,52.46,68.61,36.43,53.94,61.19,42.65,62.77,26.7,24.44,40.24,70.29,42.2,53.25,22.72,25.82,59.41,61.65,26.92,65.17,55.37,18.79,11.17,51.5,44.01,0.0,13.05,27.38,27.38,52.76,18.97,24.44,54.35,46.39,18.79,54.35,36.39,24.44,55.72,60.27,61.65,37.72,38.97,44.01,36.43,11.67,45.44,44.25,53.89,44.01,26.69,56.13,61.65,0.0,59.02,45.41,45.41,59.55,40.53,40.06,46.35,40.53,35.68,0.0,21.56,11.15
Spetim,30.38,25.98,19.63,17.76,61.59,46.46,23.99,22.88,65.28,0.0,42.53,51.39,41.41,55.43,94.26,45.76,71.72,13.17,58.51,63.58,33.98,65.83,10.03,40.62,81.49,26.01,27.7,22.03,28.66,33.9,17.82,58.37,65.15,33.01,16.33,52.07,59.31,82.76,22.31,33.19,51.77,51.83,49.32,40.2,16.93,16.93,4.3,30.22,52.64,14.48,23.98,69.54,32.47,59.83,60.18,27.66,27.7,12.35,53.84,16.93,44.63,43.42,26.01,81.49,18.27,83.08,28.14,35.28,35.18,90.59,17.82,17.72,52.07,49.32,8.4,4.99,38.51,85.47,13.17,61.59,60.11,21.96,19.63,59.02,54.03,49.07,49.07,17.23,58.37,35.28,23.99,58.51,61.59,23.99,27.7,35.28,6.2,80.57,4.99,28.66,44.16,19.63,43.42,52.64,19.04,69.54,9.58,19.63,46.48,10.03,4.99,59.02,0.0,41.71,41.71,14.55,26.96,43.56,57.5,26.96,60.44,59.78,40.52,58.32
Tanganica Art Bar,44.0,20.53,25.78,34.84,48.58,52.91,30.41,28.47,14.3,41.71,57.87,54.68,59.03,25.13,43.88,15.46,21.33,45.64,8.15,13.19,56.04,14.85,34.16,6.67,31.1,29.99,14.0,18.69,53.16,51.69,23.97,18.09,14.76,36.3,28.75,9.33,8.33,32.38,24.79,36.48,23.46,55.12,52.61,57.21,29.35,29.35,35.53,22.31,24.33,46.94,19.74,23.69,55.99,25.83,9.82,52.17,14.0,44.81,36.81,29.35,68.52,53.47,29.99,31.1,24.42,32.69,41.88,38.57,20.83,40.2,23.97,30.14,9.33,52.61,33.21,35.16,41.8,35.08,45.64,48.58,26.0,29.57,25.78,45.41,25.72,52.36,52.36,29.65,18.09,38.57,30.41,8.15,48.58,30.41,14.0,38.57,33.75,30.18,35.16,53.16,62.93,25.78,53.47,24.33,22.96,23.69,31.92,25.78,49.76,34.16,35.16,45.41,41.71,0.0,0.0,52.92,25.34,54.33,18.05,25.34,8.51,42.65,34.94,37.66
The Butcher,44.0,20.53,25.78,34.84,48.58,52.91,30.41,28.47,14.3,41.71,57.87,54.68,59.03,25.13,43.88,15.46,21.33,45.64,8.15,13.19,56.04,14.85,34.16,6.67,31.1,29.99,14.0,18.69,53.16,51.69,23.97,18.09,14.76,36.3,28.75,9.33,8.33,32.38,24.79,36.48,23.46,55.12,52.61,57.21,29.35,29.35,35.53,22.31,24.33,46.94,19.74,23.69,55.99,25.83,9.82,52.17,14.0,44.81,36.81,29.35,68.52,53.47,29.99,31.1,24.42,32.69,41.88,38.57,20.83,40.2,23.97,30.14,9.33,52.61,33.21,35.16,41.8,35.08,45.64,48.58,26.0,29.57,25.78,45.41,25.72,52.36,52.36,29.65,18.09,38.57,30.41,8.15,48.58,30.41,14.0,38.57,33.75,30.18,35.16,53.16,62.93,25.78,53.47,24.33,22.96,23.69,31.92,25.78,49.76,34.16,35.16,45.41,41.71,0.0,0.0,52.92,25.34,54.33,18.05,25.34,8.51,42.65,34.94,37.66
Toca do Ogro,31.86,33.33,26.97,25.18,62.13,50.15,34.68,35.38,65.81,14.55,44.01,51.92,42.88,75.64,94.8,69.78,72.26,0.0,59.05,64.11,35.46,66.36,19.99,57.57,82.03,36.9,35.05,29.38,30.13,35.38,25.16,58.91,65.68,33.54,25.15,52.6,59.85,83.3,29.66,33.73,52.3,52.37,49.85,41.68,25.75,25.75,15.4,37.57,53.17,1.58,31.33,75.2,33.95,78.51,60.72,29.14,35.05,1.66,54.38,25.75,27.45,50.72,36.9,82.03,25.62,83.61,29.62,35.82,42.53,91.13,25.16,26.53,52.6,49.85,17.45,17.15,39.04,86.01,0.0,62.13,60.64,32.54,26.97,59.55,54.56,49.6,49.6,26.05,58.91,35.82,34.68,59.05,62.13,34.68,35.05,35.82,17.31,81.11,17.15,30.13,45.64,26.97,50.72,53.17,26.39,75.2,17.49,26.97,47.01,19.99,17.15,59.55,14.55,52.92,52.92,0.0,30.89,39.15,65.56,30.89,56.03,55.37,36.11,53.91
Toninho – Alto Forno,31.58,8.52,0.77,9.23,50.63,40.49,11.34,9.4,38.6,26.96,45.45,42.26,46.61,41.76,58.16,32.09,35.59,30.89,30.77,28.62,43.62,39.15,11.79,26.95,45.39,10.92,10.16,4.57,42.42,39.27,3.9,34.42,26.69,23.88,4.46,25.49,32.63,33.46,4.85,24.06,29.07,42.7,40.19,44.79,4.83,4.83,13.12,12.76,29.94,32.19,6.64,55.87,43.57,46.16,32.44,41.42,10.16,30.06,38.87,4.83,57.4,41.05,10.92,45.39,2.51,33.78,29.16,26.15,14.93,54.49,3.9,5.61,25.49,40.19,10.77,12.8,29.38,49.37,30.89,50.63,37.41,8.49,0.77,40.53,31.33,39.94,39.94,5.86,34.42,26.15,11.34,30.77,50.63,11.34,10.16,26.15,11.39,44.47,12.8,42.42,50.51,0.77,41.05,29.94,0.0,55.87,9.56,0.77,37.34,11.79,12.8,40.53,26.96,25.34,25.34,30.89,0.0,46.31,38.75,0.0,35.15,45.44,34.51,43.98
Tropeiro do Lisboa,17.85,53.44,47.08,50.01,21.56,9.23,56.88,54.4,67.22,43.56,0.0,10.0,3.07,77.05,96.21,71.19,73.67,39.15,60.46,65.52,11.98,67.77,48.48,58.98,83.44,56.41,59.59,49.49,15.7,12.85,45.27,60.32,67.09,26.25,45.06,54.01,61.26,84.71,49.77,26.43,53.72,17.14,11.77,21.04,45.66,45.66,43.68,64.92,54.58,40.45,51.44,76.61,11.92,79.92,62.13,16.96,59.59,38.32,34.88,45.66,56.25,6.03,56.41,83.44,45.73,85.02,19.84,26.36,63.44,92.54,45.27,46.45,54.01,11.77,43.19,45.43,19.06,87.42,39.15,21.56,49.7,52.46,47.08,40.06,55.97,12.02,12.02,45.96,60.32,26.36,56.88,60.46,21.56,56.88,59.59,26.36,45.03,82.52,45.43,15.7,3.18,47.08,6.03,54.58,46.31,76.61,45.21,47.08,14.61,48.48,45.43,40.06,43.56,54.33,54.33,39.15,46.31,0.0,68.15,45.45,58.62,40.82,25.84,28.5
Us Motoca,54.29,36.33,41.58,50.63,64.91,63.19,64.89,65.73,17.6,57.5,68.15,64.96,69.31,0.0,33.81,11.65,13.03,65.56,19.28,15.74,66.33,18.15,49.96,17.8,24.86,64.48,29.8,34.49,63.45,61.98,39.77,18.81,17.31,46.58,44.55,19.62,18.62,34.93,40.59,46.77,33.75,65.41,62.89,67.49,45.15,45.15,51.33,38.11,34.62,66.87,35.53,5.81,66.28,5.91,15.27,62.45,29.8,64.73,53.14,45.15,78.81,63.76,64.48,24.86,40.22,35.24,52.17,48.86,36.63,30.14,39.77,45.93,19.62,62.89,49.01,50.96,52.08,24.38,65.56,64.91,26.6,67.52,41.58,46.35,36.01,62.65,62.65,45.45,18.81,48.86,64.89,19.28,64.91,64.89,29.8,48.86,49.55,32.73,50.96,63.45,73.21,41.58,63.76,34.62,38.75,5.81,47.72,41.58,60.05,49.96,50.96,46.35,57.5,18.05,18.05,65.56,38.75,68.15,0.0,41.76,15.43,42.31,57.66,60.38
Xambar,31.58,8.52,0.77,9.23,50.63,40.49,11.34,9.4,38.6,26.96,45.45,42.26,46.61,41.76,58.16,32.09,35.59,30.89,30.77,28.62,43.62,39.15,11.79,26.95,45.39,10.92,10.16,4.57,42.42,39.27,3.9,34.42,26.69,23.88,4.46,25.49,32.63,33.46,4.85,24.06,29.07,42.7,40.19,44.79,4.83,4.83,13.12,12.76,29.94,32.19,6.64,55.87,43.57,46.16,32.44,41.42,10.16,30.06,38.87,4.83,57.4,41.05,10.92,45.39,2.51,33.78,29.16,26.15,14.93,54.49,3.9,5.61,25.49,40.19,10.77,12.8,29.38,49.37,30.89,50.63,37.41,8.49,0.77,40.53,31.33,39.94,39.94,5.86,34.42,26.15,11.34,30.77,50.63,11.34,10.16,26.15,11.39,44.47,12.8,42.42,50.51,0.77,41.05,29.94,0.0,55.87,9.56,0.77,37.34,11.79,12.8,40.53,26.96,25.34,25.34,30.89,0.0,45.45,41.76,0.0,35.15,45.44,34.51,43.98
Xico da Kafua,44.75,32.72,37.97,47.03,49.33,53.66,66.45,67.29,15.7,60.44,58.62,55.43,59.78,15.43,47.98,0.0,25.44,56.03,12.25,17.29,56.79,16.25,46.35,10.77,35.21,66.03,26.19,30.88,53.91,52.44,36.16,19.5,18.86,37.05,40.94,10.08,9.08,36.48,36.98,37.23,24.21,55.87,53.36,57.96,41.54,41.54,60.56,34.5,25.08,57.33,31.93,25.09,56.74,19.83,13.92,52.92,26.19,55.2,37.56,41.54,69.27,54.22,66.03,35.21,36.61,36.79,42.63,39.32,33.02,44.31,36.16,42.33,10.08,53.36,60.07,62.31,42.55,33.76,56.03,49.33,25.69,69.07,37.97,35.68,26.47,53.11,53.11,41.84,19.5,39.32,66.45,12.25,49.33,66.45,26.19,39.32,45.94,34.29,62.31,53.91,63.68,37.97,54.22,25.08,35.15,25.09,44.11,37.97,50.51,46.35,62.31,35.68,60.44,8.51,8.51,56.03,35.15,58.62,15.43,35.15,0.0,47.29,51.8,54.53
Xico do Churrasco,29.12,39.93,44.01,56.81,18.79,31.27,54.35,52.42,22.62,59.78,40.82,27.77,41.98,42.31,73.96,47.29,51.42,55.37,46.39,43.28,39.0,22.09,56.13,44.91,61.19,53.94,36.39,47.89,37.72,34.65,42.2,18.97,44.84,26.91,51.86,22.72,24.12,62.46,48.18,27.37,12.32,22.37,25.82,40.16,52.46,52.46,59.91,41.72,11.67,56.67,39.1,44.25,38.95,46.4,48.06,40.76,36.39,54.54,7.03,52.46,68.61,36.43,53.94,61.19,42.65,62.77,26.7,24.44,40.24,70.29,42.2,53.25,22.72,25.82,59.41,61.65,26.92,65.17,55.37,18.79,11.17,51.5,44.01,0.0,13.05,27.38,27.38,52.76,18.97,24.44,54.35,46.39,18.79,54.35,36.39,24.44,55.72,60.27,61.65,37.72,38.97,44.01,36.43,11.67,45.44,44.25,53.89,44.01,26.69,56.13,61.65,0.0,59.78,42.65,42.65,55.37,45.44,40.82,42.31,45.44,47.29,0.0,21.56,11.15
Zé Bolacha,12.93,43.75,33.09,39.34,28.14,20.88,43.43,41.49,47.83,40.52,25.84,22.65,27.0,57.66,76.82,51.8,54.28,36.11,41.07,46.14,24.02,48.38,38.66,39.59,64.05,43.02,40.2,36.97,22.74,19.67,31.28,34.9,47.7,10.71,34.39,34.62,41.87,65.32,37.25,11.18,18.8,23.1,20.58,25.18,34.99,34.99,40.65,45.53,25.45,37.42,35.52,57.22,23.97,60.53,42.74,25.78,40.2,35.28,16.38,34.99,49.36,21.45,43.02,64.05,31.73,65.63,10.51,8.25,44.05,73.15,31.28,35.78,34.62,20.58,40.16,39.66,10.72,68.03,36.11,28.14,29.12,41.78,33.09,21.56,27.77,20.34,20.34,35.29,34.9,8.25,43.43,41.07,28.14,43.43,40.2,8.25,38.25,63.13,39.66,22.74,30.9,33.09,21.45,25.45,34.51,57.22,36.42,33.09,17.74,38.66,39.66,21.56,40.52,34.94,34.94,36.11,34.51,25.84,57.66,34.51,51.8,21.56,0.0,20.5
Zoo Bar,28.82,45.52,42.55,55.35,10.77,21.98,52.9,50.96,33.3,58.32,28.5,18.49,30.2,60.38,79.55,54.53,57.01,53.91,43.79,48.86,28.5,32.77,54.67,42.32,66.77,52.48,41.97,46.44,29.47,25.98,40.74,29.65,50.43,25.45,50.4,32.19,33.59,68.05,46.72,25.91,20.14,13.08,16.54,31.92,51.0,51.0,58.45,47.3,20.2,55.21,44.68,58.1,29.53,60.25,45.46,32.52,41.97,53.08,5.97,51.0,67.15,29.38,52.48,66.77,41.2,68.36,25.24,22.98,45.82,75.88,40.74,51.79,32.19,16.54,57.95,60.19,25.46,70.75,53.91,10.77,23.88,50.04,42.55,11.15,22.52,18.09,18.09,51.3,29.65,22.98,52.9,43.79,10.77,52.9,41.97,22.98,54.26,65.85,60.19,29.47,29.68,42.55,29.38,20.2,43.98,58.1,52.43,42.55,17.4,54.67,60.19,11.15,58.32,37.66,37.66,53.91,43.98,28.5,60.38,43.98,54.53,11.15,20.5,0.0
